[2026-09-22 10:04:51] local.ERROR: SQLSTATE[HY000]: General error: 1005 Can't create table `campusglide_db`.`post_travel_reports` (errno: 150 "Foreign key constraint is incorrectly formed") (Connection: mysql, Host: 127.0.0.1, Port: 3306, Database: campusglide_db, SQL: alter table `post_travel_reports` add constraint `post_travel_reports_vehicle_id_foreign` foreign key (`vehicle_id`) references `vehicles` (`id`) on delete restrict) {"exception":"[object] (Illuminate\\Database\\QueryException(code: HY000): SQLSTATE[HY000]: General error: 1005 Can't create table `campusglide_db`.`post_travel_reports` (errno: 150 \"Foreign key constraint is incorrectly formed\") (Connection: mysql, Host: 127.0.0.1, Port: 3306, Database: campusglide_db, SQL: alter table `post_travel_reports` add constraint `post_travel_reports_vehicle_id_foreign` foreign key (`vehicle_id`) references `vehicles` (`id`) on delete restrict) at C:/xampp_lite_8_5/apps/apache/htdocs/maintenance-backend/CampusGlide_Sprint3_Laravel_Vue/vendor/laravel/framework/src/Illuminate/Database/Connection.php:838)
[stacktrace]
#0 C:/xampp_lite_8_5/apps/apache/htdocs/maintenance-backend/CampusGlide_Sprint3_Laravel_Vue/vendor/laravel/framework/src/Illuminate/Database/Connection.php(794): Illuminate/Database/Connection->runQueryCallback('alter table `po...', Array, Object(Closure))
#1 C:/xampp_lite_8_5/apps/apache/htdocs/maintenance-backend/CampusGlide_Sprint3_Laravel_Vue/vendor/laravel/framework/src/Illuminate/Database/Connection.php(573): Illuminate/Database/Connection->run('alter table `po...', Array, Object(Closure))
#2 C:/xampp_lite_8_5/apps/apache/htdocs/maintenance-backend/CampusGlide_Sprint3_Laravel_Vue/vendor/laravel/framework/src/Illuminate/Database/Schema/Blueprint.php(121): Illuminate/Database/Connection->statement('alter table `po...')
#3 C:/xampp_lite_8_5/apps/apache/htdocs/maintenance-backend/CampusGlide_Sprint3_Laravel_Vue/vendor/laravel/framework/src/Illuminate/Database/Schema/Builder.php(686): Illuminate/Database/Schema/Blueprint->build()
#4 C:/xampp_lite_8_5/apps/apache/htdocs/maintenance-backend/CampusGlide_Sprint3_Laravel_Vue/vendor/laravel/framework/src/Illuminate/Database/Schema/Builder.php(506): Illuminate/Database/Schema/Builder->build(Object(Illuminate/Database/Schema/Blueprint))
#5 C:/xampp_lite_8_5/apps/apache/htdocs/maintenance-backend/CampusGlide_Sprint3_Laravel_Vue/vendor/laravel/framework/src/Illuminate/Support/Facades/Facade.php(363): Illuminate/Database/Schema/Builder->create('post_travel_rep...', Object(Closure))
#6 C:/xampp_lite_8_5/apps/apache/htdocs/maintenance-backend/CampusGlide_Sprint3_Laravel_Vue/database/migrations/2026_09_22_000001_create_post_travel_reports_table.php(11): Illuminate/Support/Facades/Facade::__callStatic('create', Array)
#7 C:/xampp_lite_8_5/apps/apache/htdocs/maintenance-backend/CampusGlide_Sprint3_Laravel_Vue/vendor/laravel/framework/src/Illuminate/Database/Migrations/Migrator.php(517): Illuminate/Database/Migrations/Migration@anonymous->up()
#8 C:/xampp_lite_8_5/apps/apache/htdocs/maintenance-backend/CampusGlide_Sprint3_Laravel_Vue/vendor/laravel/framework/src/Illuminate/Database/Migrations/Migrator.php(442): Illuminate/Database/Migrations/Migrator->runMethod(Object(Illuminate/Database/MySqlConnection), Object(Illuminate/Database/Migrations/Migration@anonymous), 'up')
#9 C:/xampp_lite_8_5/apps/apache/htdocs/maintenance-backend/CampusGlide_Sprint3_Laravel_Vue/vendor/laravel/framework/src/Illuminate/Database/Migrations/Migrator.php(451): Illuminate/Database/Migrations/Migrator->Illuminate/Database/Migrations/{closure}()
#10 C:/xampp_lite_8_5/apps/apache/htdocs/maintenance-backend/CampusGlide_Sprint3_Laravel_Vue/vendor/laravel/framework/src/Illuminate/Database/Migrations/Migrator.php(253): Illuminate/Database/Migrations/Migrator->runMigration(Object(Illuminate/Database/Migrations/Migration@anonymous), 'up')
#11 C:/xampp_lite_8_5/apps/apache/htdocs/maintenance-backend/CampusGlide_Sprint3_Laravel_Vue/vendor/laravel/framework/src/Illuminate/Console/View/Components/Task.php(41): Illuminate/Database/Migrations/Migrator->Illuminate/Database/Migrations/{closure}()
#12 C:/xampp_lite_8_5/apps/apache/htdocs/maintenance-backend/CampusGlide_Sprint3_Laravel_Vue/vendor/laravel/framework/src/Illuminate/Database/Migrations/Migrator.php(814): Illuminate/Console/View/Components/Task->render('2026_09_22_0000...', Object(Closure))
#13 C:/xampp_lite_8_5/apps/apache/htdocs/maintenance-backend/CampusGlide_Sprint3_Laravel_Vue/vendor/laravel/framework/src/Illuminate/Database/Migrations/Migrator.php(253): Illuminate/Database/Migrations/Migrator->write('Illuminate//Cons...', '2026_09_22_0000...', Object(Closure))
#14 C:/xampp_lite_8_5/apps/apache/htdocs/maintenance-backend/CampusGlide_Sprint3_Laravel_Vue/vendor/laravel/framework/src/Illuminate/Database/Migrations/Migrator.php(211): Illuminate/Database/Migrations/Migrator->runUp('C://xampp_lite_8...', 2, false)
#15 C:/xampp_lite_8_5/apps/apache/htdocs/maintenance-backend/CampusGlide_Sprint3_Laravel_Vue/vendor/laravel/framework/src/Illuminate/Database/Migrations/Migrator.php(138): Illuminate/Database/Migrations/Migrator->runPending(Array, Array)
#16 C:/xampp_lite_8_5/apps/apache/htdocs/maintenance-backend/CampusGlide_Sprint3_Laravel_Vue/vendor/laravel/framework/src/Illuminate/Database/Console/Migrations/MigrateCommand.php(116): Illuminate/Database/Migrations/Migrator->run(Array, Array)
#17 C:/xampp_lite_8_5/apps/apache/htdocs/maintenance-backend/CampusGlide_Sprint3_Laravel_Vue/vendor/laravel/framework/src/Illuminate/Database/Migrations/Migrator.php(671): Illuminate/Database/Console/Migrations/MigrateCommand->Illuminate/Database/Console/Migrations/{closure}()
#18 C:/xampp_lite_8_5/apps/apache/htdocs/maintenance-backend/CampusGlide_Sprint3_Laravel_Vue/vendor/laravel/framework/src/Illuminate/Database/Console/Migrations/MigrateCommand.php(109): Illuminate/Database/Migrations/Migrator->usingConnection(NULL, Object(Closure))
#19 C:/xampp_lite_8_5/apps/apache/htdocs/maintenance-backend/CampusGlide_Sprint3_Laravel_Vue/vendor/laravel/framework/src/Illuminate/Database/Console/Migrations/MigrateCommand.php(88): Illuminate/Database/Console/Migrations/MigrateCommand->runMigrations()
#20 C:/xampp_lite_8_5/apps/apache/htdocs/maintenance-backend/CampusGlide_Sprint3_Laravel_Vue/vendor/laravel/framework/src/Illuminate/Container/BoundMethod.php(36): Illuminate/Database/Console/Migrations/MigrateCommand->handle()
#21 C:/xampp_lite_8_5/apps/apache/htdocs/maintenance-backend/CampusGlide_Sprint3_Laravel_Vue/vendor/laravel/framework/src/Illuminate/Container/Util.php(43): Illuminate/Container/BoundMethod::Illuminate/Container/{closure}()
#22 C:/xampp_lite_8_5/apps/apache/htdocs/maintenance-backend/CampusGlide_Sprint3_Laravel_Vue/vendor/laravel/framework/src/Illuminate/Container/BoundMethod.php(96): Illuminate/Container/Util::unwrapIfClosure(Object(Closure))
#23 C:/xampp_lite_8_5/apps/apache/htdocs/maintenance-backend/CampusGlide_Sprint3_Laravel_Vue/vendor/laravel/framework/src/Illuminate/Container/BoundMethod.php(35): Illuminate/Container/BoundMethod::callBoundMethod(Object(Illuminate/Foundation/Application), Array, Object(Closure))
#24 C:/xampp_lite_8_5/apps/apache/htdocs/maintenance-backend/CampusGlide_Sprint3_Laravel_Vue/vendor/laravel/framework/src/Illuminate/Container/Container.php(799): Illuminate/Container/BoundMethod::call(Object(Illuminate/Foundation/Application), Array, Array, NULL)
#25 C:/xampp_lite_8_5/apps/apache/htdocs/maintenance-backend/CampusGlide_Sprint3_Laravel_Vue/vendor/laravel/framework/src/Illuminate/Console/Command.php(211): Illuminate/Container/Container->call(Array)
#26 C:/xampp_lite_8_5/apps/apache/htdocs/maintenance-backend/CampusGlide_Sprint3_Laravel_Vue/vendor/symfony/console/Command/Command.php(341): Illuminate/Console/Command->execute(Object(Symfony/Component/Console/Input/ArgvInput), Object(Illuminate/Console/OutputStyle))
#27 C:/xampp_lite_8_5/apps/apache/htdocs/maintenance-backend/CampusGlide_Sprint3_Laravel_Vue/vendor/laravel/framework/src/Illuminate/Console/Command.php(180): Symfony/Component/Console/Command/Command->run(Object(Symfony/Component/Console/Input/ArgvInput), Object(Illuminate/Console/OutputStyle))
#28 C:/xampp_lite_8_5/apps/apache/htdocs/maintenance-backend/CampusGlide_Sprint3_Laravel_Vue/vendor/symfony/console/Application.php(1117): Illuminate/Console/Command->run(Object(Symfony/Component/Console/Input/ArgvInput), Object(Symfony/Component/Console/Output/ConsoleOutput))
#29 C:/xampp_lite_8_5/apps/apache/htdocs/maintenance-backend/CampusGlide_Sprint3_Laravel_Vue/vendor/symfony/console/Application.php(356): Symfony/Component/Console/Application->doRunCommand(Object(Illuminate/Database/Console/Migrations/MigrateCommand), Object(Symfony/Component/Console/Input/ArgvInput), Object(Symfony/Component/Console/Output/ConsoleOutput))
#30 C:/xampp_lite_8_5/apps/apache/htdocs/maintenance-backend/CampusGlide_Sprint3_Laravel_Vue/vendor/symfony/console/Application.php(195): Symfony/Component/Console/Application->doRun(Object(Symfony/Component/Console/Input/ArgvInput), Object(Symfony/Component/Console/Output/ConsoleOutput))
#31 C:/xampp_lite_8_5/apps/apache/htdocs/maintenance-backend/CampusGlide_Sprint3_Laravel_Vue/vendor/laravel/framework/src/Illuminate/Foundation/Console/Kernel.php(198): Symfony/Component/Console/Application->run(Object(Symfony/Component/Console/Input/ArgvInput), Object(Symfony/Component/Console/Output/ConsoleOutput))
#32 C:/xampp_lite_8_5/apps/apache/htdocs/maintenance-backend/CampusGlide_Sprint3_Laravel_Vue/vendor/laravel/framework/src/Illuminate/Foundation/Application.php(1235): Illuminate/Foundation/Console/Kernel->handle(Object(Symfony/Component/Console/Input/ArgvInput), Object(Symfony/Component/Console/Output/ConsoleOutput))
#33 C:/xampp_lite_8_5/apps/apache/htdocs/maintenance-backend/CampusGlide_Sprint3_Laravel_Vue/artisan(10): Illuminate/Foundation/Application->handleCommand(Object(Symfony/Component/Console/Input/ArgvInput))
#34 {main}

[previous exception] [object] (PDOException(code: HY000): SQLSTATE[HY000]: General error: 1005 Can't create table `campusglide_db`.`post_travel_reports` (errno: 150 \"Foreign key constraint is incorrectly formed\") at C:/xampp_lite_8_5/apps/apache/htdocs/maintenance-backend/CampusGlide_Sprint3_Laravel_Vue/vendor/laravel/framework/src/Illuminate/Database/Connection.php:584)
[stacktrace]
#0 C:/xampp_lite_8_5/apps/apache/htdocs/maintenance-backend/CampusGlide_Sprint3_Laravel_Vue/vendor/laravel/framework/src/Illuminate/Database/Connection.php(584): PDOStatement->execute()
#1 C:/xampp_lite_8_5/apps/apache/htdocs/maintenance-backend/CampusGlide_Sprint3_Laravel_Vue/vendor/laravel/framework/src/Illuminate/Database/Connection.php(827): Illuminate/Database/Connection->Illuminate/Database/{closure}('alter table `po...', Array)
#2 C:/xampp_lite_8_5/apps/apache/htdocs/maintenance-backend/CampusGlide_Sprint3_Laravel_Vue/vendor/laravel/framework/src/Illuminate/Database/Connection.php(794): Illuminate/Database/Connection->runQueryCallback('alter table `po...', Array, Object(Closure))
#3 C:/xampp_lite_8_5/apps/apache/htdocs/maintenance-backend/CampusGlide_Sprint3_Laravel_Vue/vendor/laravel/framework/src/Illuminate/Database/Connection.php(573): Illuminate/Database/Connection->run('alter table `po...', Array, Object(Closure))
#4 C:/xampp_lite_8_5/apps/apache/htdocs/maintenance-backend/CampusGlide_Sprint3_Laravel_Vue/vendor/laravel/framework/src/Illuminate/Database/Schema/Blueprint.php(121): Illuminate/Database/Connection->statement('alter table `po...')
#5 C:/xampp_lite_8_5/apps/apache/htdocs/maintenance-backend/CampusGlide_Sprint3_Laravel_Vue/vendor/laravel/framework/src/Illuminate/Database/Schema/Builder.php(686): Illuminate/Database/Schema/Blueprint->build()
#6 C:/xampp_lite_8_5/apps/apache/htdocs/maintenance-backend/CampusGlide_Sprint3_Laravel_Vue/vendor/laravel/framework/src/Illuminate/Database/Schema/Builder.php(506): Illuminate/Database/Schema/Builder->build(Object(Illuminate/Database/Schema/Blueprint))
#7 C:/xampp_lite_8_5/apps/apache/htdocs/maintenance-backend/CampusGlide_Sprint3_Laravel_Vue/vendor/laravel/framework/src/Illuminate/Support/Facades/Facade.php(363): Illuminate/Database/Schema/Builder->create('post_travel_rep...', Object(Closure))
#8 C:/xampp_lite_8_5/apps/apache/htdocs/maintenance-backend/CampusGlide_Sprint3_Laravel_Vue/database/migrations/2026_09_22_000001_create_post_travel_reports_table.php(11): Illuminate/Support/Facades/Facade::__callStatic('create', Array)
#9 C:/xampp_lite_8_5/apps/apache/htdocs/maintenance-backend/CampusGlide_Sprint3_Laravel_Vue/vendor/laravel/framework/src/Illuminate/Database/Migrations/Migrator.php(517): Illuminate/Database/Migrations/Migration@anonymous->up()
#10 C:/xampp_lite_8_5/apps/apache/htdocs/maintenance-backend/CampusGlide_Sprint3_Laravel_Vue/vendor/laravel/framework/src/Illuminate/Database/Migrations/Migrator.php(442): Illuminate/Database/Migrations/Migrator->runMethod(Object(Illuminate/Database/MySqlConnection), Object(Illuminate/Database/Migrations/Migration@anonymous), 'up')
#11 C:/xampp_lite_8_5/apps/apache/htdocs/maintenance-backend/CampusGlide_Sprint3_Laravel_Vue/vendor/laravel/framework/src/Illuminate/Database/Migrations/Migrator.php(451): Illuminate/Database/Migrations/Migrator->Illuminate/Database/Migrations/{closure}()
#12 C:/xampp_lite_8_5/apps/apache/htdocs/maintenance-backend/CampusGlide_Sprint3_Laravel_Vue/vendor/laravel/framework/src/Illuminate/Database/Migrations/Migrator.php(253): Illuminate/Database/Migrations/Migrator->runMigration(Object(Illuminate/Database/Migrations/Migration@anonymous), 'up')
#13 C:/xampp_lite_8_5/apps/apache/htdocs/maintenance-backend/CampusGlide_Sprint3_Laravel_Vue/vendor/laravel/framework/src/Illuminate/Console/View/Components/Task.php(41): Illuminate/Database/Migrations/Migrator->Illuminate/Database/Migrations/{closure}()
#14 C:/xampp_lite_8_5/apps/apache/htdocs/maintenance-backend/CampusGlide_Sprint3_Laravel_Vue/vendor/laravel/framework/src/Illuminate/Database/Migrations/Migrator.php(814): Illuminate/Console/View/Components/Task->render('2026_09_22_0000...', Object(Closure))
#15 C:/xampp_lite_8_5/apps/apache/htdocs/maintenance-backend/CampusGlide_Sprint3_Laravel_Vue/vendor/laravel/framework/src/Illuminate/Database/Migrations/Migrator.php(253): Illuminate/Database/Migrations/Migrator->write('Illuminate//Cons...', '2026_09_22_0000...', Object(Closure))
#16 C:/xampp_lite_8_5/apps/apache/htdocs/maintenance-backend/CampusGlide_Sprint3_Laravel_Vue/vendor/laravel/framework/src/Illuminate/Database/Migrations/Migrator.php(211): Illuminate/Database/Migrations/Migrator->runUp('C://xampp_lite_8...', 2, false)
#17 C:/xampp_lite_8_5/apps/apache/htdocs/maintenance-backend/CampusGlide_Sprint3_Laravel_Vue/vendor/laravel/framework/src/Illuminate/Database/Migrations/Migrator.php(138): Illuminate/Database/Migrations/Migrator->runPending(Array, Array)
#18 C:/xampp_lite_8_5/apps/apache/htdocs/maintenance-backend/CampusGlide_Sprint3_Laravel_Vue/vendor/laravel/framework/src/Illuminate/Database/Console/Migrations/MigrateCommand.php(116): Illuminate/Database/Migrations/Migrator->run(Array, Array)
#19 C:/xampp_lite_8_5/apps/apache/htdocs/maintenance-backend/CampusGlide_Sprint3_Laravel_Vue/vendor/laravel/framework/src/Illuminate/Database/Migrations/Migrator.php(671): Illuminate/Database/Console/Migrations/MigrateCommand->Illuminate/Database/Console/Migrations/{closure}()
#20 C:/xampp_lite_8_5/apps/apache/htdocs/maintenance-backend/CampusGlide_Sprint3_Laravel_Vue/vendor/laravel/framework/src/Illuminate/Database/Console/Migrations/MigrateCommand.php(109): Illuminate/Database/Migrations/Migrator->usingConnection(NULL, Object(Closure))
#21 C:/xampp_lite_8_5/apps/apache/htdocs/maintenance-backend/CampusGlide_Sprint3_Laravel_Vue/vendor/laravel/framework/src/Illuminate/Database/Console/Migrations/MigrateCommand.php(88): Illuminate/Database/Console/Migrations/MigrateCommand->runMigrations()
#22 C:/xampp_lite_8_5/apps/apache/htdocs/maintenance-backend/CampusGlide_Sprint3_Laravel_Vue/vendor/laravel/framework/src/Illuminate/Container/BoundMethod.php(36): Illuminate/Database/Console/Migrations/MigrateCommand->handle()
#23 C:/xampp_lite_8_5/apps/apache/htdocs/maintenance-backend/CampusGlide_Sprint3_Laravel_Vue/vendor/laravel/framework/src/Illuminate/Container/Util.php(43): Illuminate/Container/BoundMethod::Illuminate/Container/{closure}()
#24 C:/xampp_lite_8_5/apps/apache/htdocs/maintenance-backend/CampusGlide_Sprint3_Laravel_Vue/vendor/laravel/framework/src/Illuminate/Container/BoundMethod.php(96): Illuminate/Container/Util::unwrapIfClosure(Object(Closure))
#25 C:/xampp_lite_8_5/apps/apache/htdocs/maintenance-backend/CampusGlide_Sprint3_Laravel_Vue/vendor/laravel/framework/src/Illuminate/Container/BoundMethod.php(35): Illuminate/Container/BoundMethod::callBoundMethod(Object(Illuminate/Foundation/Application), Array, Object(Closure))
#26 C:/xampp_lite_8_5/apps/apache/htdocs/maintenance-backend/CampusGlide_Sprint3_Laravel_Vue/vendor/laravel/framework/src/Illuminate/Container/Container.php(799): Illuminate/Container/BoundMethod::call(Object(Illuminate/Foundation/Application), Array, Array, NULL)
#27 C:/xampp_lite_8_5/apps/apache/htdocs/maintenance-backend/CampusGlide_Sprint3_Laravel_Vue/vendor/laravel/framework/src/Illuminate/Console/Command.php(211): Illuminate/Container/Container->call(Array)
#28 C:/xampp_lite_8_5/apps/apache/htdocs/maintenance-backend/CampusGlide_Sprint3_Laravel_Vue/vendor/symfony/console/Command/Command.php(341): Illuminate/Console/Command->execute(Object(Symfony/Component/Console/Input/ArgvInput), Object(Illuminate/Console/OutputStyle))
#29 C:/xampp_lite_8_5/apps/apache/htdocs/maintenance-backend/CampusGlide_Sprint3_Laravel_Vue/vendor/laravel/framework/src/Illuminate/Console/Command.php(180): Symfony/Component/Console/Command/Command->run(Object(Symfony/Component/Console/Input/ArgvInput), Object(Illuminate/Console/OutputStyle))
#30 C:/xampp_lite_8_5/apps/apache/htdocs/maintenance-backend/CampusGlide_Sprint3_Laravel_Vue/vendor/symfony/console/Application.php(1117): Illuminate/Console/Command->run(Object(Symfony/Component/Console/Input/ArgvInput), Object(Symfony/Component/Console/Output/ConsoleOutput))
#31 C:/xampp_lite_8_5/apps/apache/htdocs/maintenance-backend/CampusGlide_Sprint3_Laravel_Vue/vendor/symfony/console/Application.php(356): Symfony/Component/Console/Application->doRunCommand(Object(Illuminate/Database/Console/Migrations/MigrateCommand), Object(Symfony/Component/Console/Input/ArgvInput), Object(Symfony/Component/Console/Output/ConsoleOutput))
#32 C:/xampp_lite_8_5/apps/apache/htdocs/maintenance-backend/CampusGlide_Sprint3_Laravel_Vue/vendor/symfony/console/Application.php(195): Symfony/Component/Console/Application->doRun(Object(Symfony/Component/Console/Input/ArgvInput), Object(Symfony/Component/Console/Output/ConsoleOutput))
#33 C:/xampp_lite_8_5/apps/apache/htdocs/maintenance-backend/CampusGlide_Sprint3_Laravel_Vue/vendor/laravel/framework/src/Illuminate/Foundation/Console/Kernel.php(198): Symfony/Component/Console/Application->run(Object(Symfony/Component/Console/Input/ArgvInput), Object(Symfony/Component/Console/Output/ConsoleOutput))
#34 C:/xampp_lite_8_5/apps/apache/htdocs/maintenance-backend/CampusGlide_Sprint3_Laravel_Vue/vendor/laravel/framework/src/Illuminate/Foundation/Application.php(1235): Illuminate/Foundation/Console/Kernel->handle(Object(Symfony/Component/Console/Input/ArgvInput), Object(Symfony/Component/Console/Output/ConsoleOutput))
#35 C:/xampp_lite_8_5/apps/apache/htdocs/maintenance-backend/CampusGlide_Sprint3_Laravel_Vue/artisan(10): Illuminate/Foundation/Application->handleCommand(Object(Symfony/Component/Console/Input/ArgvInput))
#36 {main}
"} 
[2026-09-22 10:29:59] local.ERROR: SQLSTATE[42S01]: Base table or view already exists: 1050 Table 'post_travel_reports' already exists (Connection: mysql, Host: 127.0.0.1, Port: 3306, Database: campusglide_db, SQL: create table `post_travel_reports` (`id` bigint unsigned not null auto_increment primary key, `vehicle_id` int unsigned not null, `trip_id` int unsigned null, `travel_date_from` date not null, `travel_date_to` date null, `places_of_travel` varchar(500) not null, `defects_observed` text null, `defects_incurred` text null, `remarks` text null, `drivers` varchar(500) null, `arrival_at` datetime null, `created_at` timestamp null, `updated_at` timestamp null) default character set utf8mb4 collate 'utf8mb4_unicode_ci') {"exception":"[object] (Illuminate\\Database\\QueryException(code: 42S01): SQLSTATE[42S01]: Base table or view already exists: 1050 Table 'post_travel_reports' already exists (Connection: mysql, Host: 127.0.0.1, Port: 3306, Database: campusglide_db, SQL: create table `post_travel_reports` (`id` bigint unsigned not null auto_increment primary key, `vehicle_id` int unsigned not null, `trip_id` int unsigned null, `travel_date_from` date not null, `travel_date_to` date null, `places_of_travel` varchar(500) not null, `defects_observed` text null, `defects_incurred` text null, `remarks` text null, `drivers` varchar(500) null, `arrival_at` datetime null, `created_at` timestamp null, `updated_at` timestamp null) default character set utf8mb4 collate 'utf8mb4_unicode_ci') at C:/xampp_lite_8_5/apps/apache/htdocs/maintenance-backend/CampusGlide_Sprint3_Laravel_Vue/vendor/laravel/framework/src/Illuminate/Database/Connection.php:838)
[stacktrace]
#0 C:/xampp_lite_8_5/apps/apache/htdocs/maintenance-backend/CampusGlide_Sprint3_Laravel_Vue/vendor/laravel/framework/src/Illuminate/Database/Connection.php(794): Illuminate/Database/Connection->runQueryCallback('create table `p...', Array, Object(Closure))
#1 C:/xampp_lite_8_5/apps/apache/htdocs/maintenance-backend/CampusGlide_Sprint3_Laravel_Vue/vendor/laravel/framework/src/Illuminate/Database/Connection.php(573): Illuminate/Database/Connection->run('create table `p...', Array, Object(Closure))
#2 C:/xampp_lite_8_5/apps/apache/htdocs/maintenance-backend/CampusGlide_Sprint3_Laravel_Vue/vendor/laravel/framework/src/Illuminate/Database/Schema/Blueprint.php(121): Illuminate/Database/Connection->statement('create table `p...')
#3 C:/xampp_lite_8_5/apps/apache/htdocs/maintenance-backend/CampusGlide_Sprint3_Laravel_Vue/vendor/laravel/framework/src/Illuminate/Database/Schema/Builder.php(686): Illuminate/Database/Schema/Blueprint->build()
#4 C:/xampp_lite_8_5/apps/apache/htdocs/maintenance-backend/CampusGlide_Sprint3_Laravel_Vue/vendor/laravel/framework/src/Illuminate/Database/Schema/Builder.php(506): Illuminate/Database/Schema/Builder->build(Object(Illuminate/Database/Schema/Blueprint))
#5 C:/xampp_lite_8_5/apps/apache/htdocs/maintenance-backend/CampusGlide_Sprint3_Laravel_Vue/vendor/laravel/framework/src/Illuminate/Support/Facades/Facade.php(363): Illuminate/Database/Schema/Builder->create('post_travel_rep...', Object(Closure))
#6 C:/xampp_lite_8_5/apps/apache/htdocs/maintenance-backend/CampusGlide_Sprint3_Laravel_Vue/database/migrations/2026_09_22_000001_create_post_travel_reports_table.php(11): Illuminate/Support/Facades/Facade::__callStatic('create', Array)
#7 C:/xampp_lite_8_5/apps/apache/htdocs/maintenance-backend/CampusGlide_Sprint3_Laravel_Vue/vendor/laravel/framework/src/Illuminate/Database/Migrations/Migrator.php(517): Illuminate/Database/Migrations/Migration@anonymous->up()
#8 C:/xampp_lite_8_5/apps/apache/htdocs/maintenance-backend/CampusGlide_Sprint3_Laravel_Vue/vendor/laravel/framework/src/Illuminate/Database/Migrations/Migrator.php(442): Illuminate/Database/Migrations/Migrator->runMethod(Object(Illuminate/Database/MySqlConnection), Object(Illuminate/Database/Migrations/Migration@anonymous), 'up')
#9 C:/xampp_lite_8_5/apps/apache/htdocs/maintenance-backend/CampusGlide_Sprint3_Laravel_Vue/vendor/laravel/framework/src/Illuminate/Database/Migrations/Migrator.php(451): Illuminate/Database/Migrations/Migrator->Illuminate/Database/Migrations/{closure}()
#10 C:/xampp_lite_8_5/apps/apache/htdocs/maintenance-backend/CampusGlide_Sprint3_Laravel_Vue/vendor/laravel/framework/src/Illuminate/Database/Migrations/Migrator.php(253): Illuminate/Database/Migrations/Migrator->runMigration(Object(Illuminate/Database/Migrations/Migration@anonymous), 'up')
#11 C:/xampp_lite_8_5/apps/apache/htdocs/maintenance-backend/CampusGlide_Sprint3_Laravel_Vue/vendor/laravel/framework/src/Illuminate/Console/View/Components/Task.php(41): Illuminate/Database/Migrations/Migrator->Illuminate/Database/Migrations/{closure}()
#12 C:/xampp_lite_8_5/apps/apache/htdocs/maintenance-backend/CampusGlide_Sprint3_Laravel_Vue/vendor/laravel/framework/src/Illuminate/Database/Migrations/Migrator.php(814): Illuminate/Console/View/Components/Task->render('2026_09_22_0000...', Object(Closure))
#13 C:/xampp_lite_8_5/apps/apache/htdocs/maintenance-backend/CampusGlide_Sprint3_Laravel_Vue/vendor/laravel/framework/src/Illuminate/Database/Migrations/Migrator.php(253): Illuminate/Database/Migrations/Migrator->write('Illuminate//Cons...', '2026_09_22_0000...', Object(Closure))
#14 C:/xampp_lite_8_5/apps/apache/htdocs/maintenance-backend/CampusGlide_Sprint3_Laravel_Vue/vendor/laravel/framework/src/Illuminate/Database/Migrations/Migrator.php(211): Illuminate/Database/Migrations/Migrator->runUp('C://xampp_lite_8...', 3, false)
#15 C:/xampp_lite_8_5/apps/apache/htdocs/maintenance-backend/CampusGlide_Sprint3_Laravel_Vue/vendor/laravel/framework/src/Illuminate/Database/Migrations/Migrator.php(138): Illuminate/Database/Migrations/Migrator->runPending(Array, Array)
#16 C:/xampp_lite_8_5/apps/apache/htdocs/maintenance-backend/CampusGlide_Sprint3_Laravel_Vue/vendor/laravel/framework/src/Illuminate/Database/Console/Migrations/MigrateCommand.php(116): Illuminate/Database/Migrations/Migrator->run(Array, Array)
#17 C:/xampp_lite_8_5/apps/apache/htdocs/maintenance-backend/CampusGlide_Sprint3_Laravel_Vue/vendor/laravel/framework/src/Illuminate/Database/Migrations/Migrator.php(671): Illuminate/Database/Console/Migrations/MigrateCommand->Illuminate/Database/Console/Migrations/{closure}()
#18 C:/xampp_lite_8_5/apps/apache/htdocs/maintenance-backend/CampusGlide_Sprint3_Laravel_Vue/vendor/laravel/framework/src/Illuminate/Database/Console/Migrations/MigrateCommand.php(109): Illuminate/Database/Migrations/Migrator->usingConnection(NULL, Object(Closure))
#19 C:/xampp_lite_8_5/apps/apache/htdocs/maintenance-backend/CampusGlide_Sprint3_Laravel_Vue/vendor/laravel/framework/src/Illuminate/Database/Console/Migrations/MigrateCommand.php(88): Illuminate/Database/Console/Migrations/MigrateCommand->runMigrations()
#20 C:/xampp_lite_8_5/apps/apache/htdocs/maintenance-backend/CampusGlide_Sprint3_Laravel_Vue/vendor/laravel/framework/src/Illuminate/Container/BoundMethod.php(36): Illuminate/Database/Console/Migrations/MigrateCommand->handle()
#21 C:/xampp_lite_8_5/apps/apache/htdocs/maintenance-backend/CampusGlide_Sprint3_Laravel_Vue/vendor/laravel/framework/src/Illuminate/Container/Util.php(43): Illuminate/Container/BoundMethod::Illuminate/Container/{closure}()
#22 C:/xampp_lite_8_5/apps/apache/htdocs/maintenance-backend/CampusGlide_Sprint3_Laravel_Vue/vendor/laravel/framework/src/Illuminate/Container/BoundMethod.php(96): Illuminate/Container/Util::unwrapIfClosure(Object(Closure))
#23 C:/xampp_lite_8_5/apps/apache/htdocs/maintenance-backend/CampusGlide_Sprint3_Laravel_Vue/vendor/laravel/framework/src/Illuminate/Container/BoundMethod.php(35): Illuminate/Container/BoundMethod::callBoundMethod(Object(Illuminate/Foundation/Application), Array, Object(Closure))
#24 C:/xampp_lite_8_5/apps/apache/htdocs/maintenance-backend/CampusGlide_Sprint3_Laravel_Vue/vendor/laravel/framework/src/Illuminate/Container/Container.php(799): Illuminate/Container/BoundMethod::call(Object(Illuminate/Foundation/Application), Array, Array, NULL)
#25 C:/xampp_lite_8_5/apps/apache/htdocs/maintenance-backend/CampusGlide_Sprint3_Laravel_Vue/vendor/laravel/framework/src/Illuminate/Console/Command.php(211): Illuminate/Container/Container->call(Array)
#26 C:/xampp_lite_8_5/apps/apache/htdocs/maintenance-backend/CampusGlide_Sprint3_Laravel_Vue/vendor/symfony/console/Command/Command.php(341): Illuminate/Console/Command->execute(Object(Symfony/Component/Console/Input/ArgvInput), Object(Illuminate/Console/OutputStyle))
#27 C:/xampp_lite_8_5/apps/apache/htdocs/maintenance-backend/CampusGlide_Sprint3_Laravel_Vue/vendor/laravel/framework/src/Illuminate/Console/Command.php(180): Symfony/Component/Console/Command/Command->run(Object(Symfony/Component/Console/Input/ArgvInput), Object(Illuminate/Console/OutputStyle))
#28 C:/xampp_lite_8_5/apps/apache/htdocs/maintenance-backend/CampusGlide_Sprint3_Laravel_Vue/vendor/symfony/console/Application.php(1117): Illuminate/Console/Command->run(Object(Symfony/Component/Console/Input/ArgvInput), Object(Symfony/Component/Console/Output/ConsoleOutput))
#29 C:/xampp_lite_8_5/apps/apache/htdocs/maintenance-backend/CampusGlide_Sprint3_Laravel_Vue/vendor/symfony/console/Application.php(356): Symfony/Component/Console/Application->doRunCommand(Object(Illuminate/Database/Console/Migrations/MigrateCommand), Object(Symfony/Component/Console/Input/ArgvInput), Object(Symfony/Component/Console/Output/ConsoleOutput))
#30 C:/xampp_lite_8_5/apps/apache/htdocs/maintenance-backend/CampusGlide_Sprint3_Laravel_Vue/vendor/symfony/console/Application.php(195): Symfony/Component/Console/Application->doRun(Object(Symfony/Component/Console/Input/ArgvInput), Object(Symfony/Component/Console/Output/ConsoleOutput))
#31 C:/xampp_lite_8_5/apps/apache/htdocs/maintenance-backend/CampusGlide_Sprint3_Laravel_Vue/vendor/laravel/framework/src/Illuminate/Foundation/Console/Kernel.php(198): Symfony/Component/Console/Application->run(Object(Symfony/Component/Console/Input/ArgvInput), Object(Symfony/Component/Console/Output/ConsoleOutput))
#32 C:/xampp_lite_8_5/apps/apache/htdocs/maintenance-backend/CampusGlide_Sprint3_Laravel_Vue/vendor/laravel/framework/src/Illuminate/Foundation/Application.php(1235): Illuminate/Foundation/Console/Kernel->handle(Object(Symfony/Component/Console/Input/ArgvInput), Object(Symfony/Component/Console/Output/ConsoleOutput))
#33 C:/xampp_lite_8_5/apps/apache/htdocs/maintenance-backend/CampusGlide_Sprint3_Laravel_Vue/artisan(10): Illuminate/Foundation/Application->handleCommand(Object(Symfony/Component/Console/Input/ArgvInput))
#34 {main}

[previous exception] [object] (PDOException(code: 42S01): SQLSTATE[42S01]: Base table or view already exists: 1050 Table 'post_travel_reports' already exists at C:/xampp_lite_8_5/apps/apache/htdocs/maintenance-backend/CampusGlide_Sprint3_Laravel_Vue/vendor/laravel/framework/src/Illuminate/Database/Connection.php:584)
[stacktrace]
#0 C:/xampp_lite_8_5/apps/apache/htdocs/maintenance-backend/CampusGlide_Sprint3_Laravel_Vue/vendor/laravel/framework/src/Illuminate/Database/Connection.php(584): PDOStatement->execute()
#1 C:/xampp_lite_8_5/apps/apache/htdocs/maintenance-backend/CampusGlide_Sprint3_Laravel_Vue/vendor/laravel/framework/src/Illuminate/Database/Connection.php(827): Illuminate/Database/Connection->Illuminate/Database/{closure}('create table `p...', Array)
#2 C:/xampp_lite_8_5/apps/apache/htdocs/maintenance-backend/CampusGlide_Sprint3_Laravel_Vue/vendor/laravel/framework/src/Illuminate/Database/Connection.php(794): Illuminate/Database/Connection->runQueryCallback('create table `p...', Array, Object(Closure))
#3 C:/xampp_lite_8_5/apps/apache/htdocs/maintenance-backend/CampusGlide_Sprint3_Laravel_Vue/vendor/laravel/framework/src/Illuminate/Database/Connection.php(573): Illuminate/Database/Connection->run('create table `p...', Array, Object(Closure))
#4 C:/xampp_lite_8_5/apps/apache/htdocs/maintenance-backend/CampusGlide_Sprint3_Laravel_Vue/vendor/laravel/framework/src/Illuminate/Database/Schema/Blueprint.php(121): Illuminate/Database/Connection->statement('create table `p...')
#5 C:/xampp_lite_8_5/apps/apache/htdocs/maintenance-backend/CampusGlide_Sprint3_Laravel_Vue/vendor/laravel/framework/src/Illuminate/Database/Schema/Builder.php(686): Illuminate/Database/Schema/Blueprint->build()
#6 C:/xampp_lite_8_5/apps/apache/htdocs/maintenance-backend/CampusGlide_Sprint3_Laravel_Vue/vendor/laravel/framework/src/Illuminate/Database/Schema/Builder.php(506): Illuminate/Database/Schema/Builder->build(Object(Illuminate/Database/Schema/Blueprint))
#7 C:/xampp_lite_8_5/apps/apache/htdocs/maintenance-backend/CampusGlide_Sprint3_Laravel_Vue/vendor/laravel/framework/src/Illuminate/Support/Facades/Facade.php(363): Illuminate/Database/Schema/Builder->create('post_travel_rep...', Object(Closure))
#8 C:/xampp_lite_8_5/apps/apache/htdocs/maintenance-backend/CampusGlide_Sprint3_Laravel_Vue/database/migrations/2026_09_22_000001_create_post_travel_reports_table.php(11): Illuminate/Support/Facades/Facade::__callStatic('create', Array)
#9 C:/xampp_lite_8_5/apps/apache/htdocs/maintenance-backend/CampusGlide_Sprint3_Laravel_Vue/vendor/laravel/framework/src/Illuminate/Database/Migrations/Migrator.php(517): Illuminate/Database/Migrations/Migration@anonymous->up()
#10 C:/xampp_lite_8_5/apps/apache/htdocs/maintenance-backend/CampusGlide_Sprint3_Laravel_Vue/vendor/laravel/framework/src/Illuminate/Database/Migrations/Migrator.php(442): Illuminate/Database/Migrations/Migrator->runMethod(Object(Illuminate/Database/MySqlConnection), Object(Illuminate/Database/Migrations/Migration@anonymous), 'up')
#11 C:/xampp_lite_8_5/apps/apache/htdocs/maintenance-backend/CampusGlide_Sprint3_Laravel_Vue/vendor/laravel/framework/src/Illuminate/Database/Migrations/Migrator.php(451): Illuminate/Database/Migrations/Migrator->Illuminate/Database/Migrations/{closure}()
#12 C:/xampp_lite_8_5/apps/apache/htdocs/maintenance-backend/CampusGlide_Sprint3_Laravel_Vue/vendor/laravel/framework/src/Illuminate/Database/Migrations/Migrator.php(253): Illuminate/Database/Migrations/Migrator->runMigration(Object(Illuminate/Database/Migrations/Migration@anonymous), 'up')
#13 C:/xampp_lite_8_5/apps/apache/htdocs/maintenance-backend/CampusGlide_Sprint3_Laravel_Vue/vendor/laravel/framework/src/Illuminate/Console/View/Components/Task.php(41): Illuminate/Database/Migrations/Migrator->Illuminate/Database/Migrations/{closure}()
#14 C:/xampp_lite_8_5/apps/apache/htdocs/maintenance-backend/CampusGlide_Sprint3_Laravel_Vue/vendor/laravel/framework/src/Illuminate/Database/Migrations/Migrator.php(814): Illuminate/Console/View/Components/Task->render('2026_09_22_0000...', Object(Closure))
#15 C:/xampp_lite_8_5/apps/apache/htdocs/maintenance-backend/CampusGlide_Sprint3_Laravel_Vue/vendor/laravel/framework/src/Illuminate/Database/Migrations/Migrator.php(253): Illuminate/Database/Migrations/Migrator->write('Illuminate//Cons...', '2026_09_22_0000...', Object(Closure))
#16 C:/xampp_lite_8_5/apps/apache/htdocs/maintenance-backend/CampusGlide_Sprint3_Laravel_Vue/vendor/laravel/framework/src/Illuminate/Database/Migrations/Migrator.php(211): Illuminate/Database/Migrations/Migrator->runUp('C://xampp_lite_8...', 3, false)
#17 C:/xampp_lite_8_5/apps/apache/htdocs/maintenance-backend/CampusGlide_Sprint3_Laravel_Vue/vendor/laravel/framework/src/Illuminate/Database/Migrations/Migrator.php(138): Illuminate/Database/Migrations/Migrator->runPending(Array, Array)
#18 C:/xampp_lite_8_5/apps/apache/htdocs/maintenance-backend/CampusGlide_Sprint3_Laravel_Vue/vendor/laravel/framework/src/Illuminate/Database/Console/Migrations/MigrateCommand.php(116): Illuminate/Database/Migrations/Migrator->run(Array, Array)
#19 C:/xampp_lite_8_5/apps/apache/htdocs/maintenance-backend/CampusGlide_Sprint3_Laravel_Vue/vendor/laravel/framework/src/Illuminate/Database/Migrations/Migrator.php(671): Illuminate/Database/Console/Migrations/MigrateCommand->Illuminate/Database/Console/Migrations/{closure}()
#20 C:/xampp_lite_8_5/apps/apache/htdocs/maintenance-backend/CampusGlide_Sprint3_Laravel_Vue/vendor/laravel/framework/src/Illuminate/Database/Console/Migrations/MigrateCommand.php(109): Illuminate/Database/Migrations/Migrator->usingConnection(NULL, Object(Closure))
#21 C:/xampp_lite_8_5/apps/apache/htdocs/maintenance-backend/CampusGlide_Sprint3_Laravel_Vue/vendor/laravel/framework/src/Illuminate/Database/Console/Migrations/MigrateCommand.php(88): Illuminate/Database/Console/Migrations/MigrateCommand->runMigrations()
#22 C:/xampp_lite_8_5/apps/apache/htdocs/maintenance-backend/CampusGlide_Sprint3_Laravel_Vue/vendor/laravel/framework/src/Illuminate/Container/BoundMethod.php(36): Illuminate/Database/Console/Migrations/MigrateCommand->handle()
#23 C:/xampp_lite_8_5/apps/apache/htdocs/maintenance-backend/CampusGlide_Sprint3_Laravel_Vue/vendor/laravel/framework/src/Illuminate/Container/Util.php(43): Illuminate/Container/BoundMethod::Illuminate/Container/{closure}()
#24 C:/xampp_lite_8_5/apps/apache/htdocs/maintenance-backend/CampusGlide_Sprint3_Laravel_Vue/vendor/laravel/framework/src/Illuminate/Container/BoundMethod.php(96): Illuminate/Container/Util::unwrapIfClosure(Object(Closure))
#25 C:/xampp_lite_8_5/apps/apache/htdocs/maintenance-backend/CampusGlide_Sprint3_Laravel_Vue/vendor/laravel/framework/src/Illuminate/Container/BoundMethod.php(35): Illuminate/Container/BoundMethod::callBoundMethod(Object(Illuminate/Foundation/Application), Array, Object(Closure))
#26 C:/xampp_lite_8_5/apps/apache/htdocs/maintenance-backend/CampusGlide_Sprint3_Laravel_Vue/vendor/laravel/framework/src/Illuminate/Container/Container.php(799): Illuminate/Container/BoundMethod::call(Object(Illuminate/Foundation/Application), Array, Array, NULL)
#27 C:/xampp_lite_8_5/apps/apache/htdocs/maintenance-backend/CampusGlide_Sprint3_Laravel_Vue/vendor/laravel/framework/src/Illuminate/Console/Command.php(211): Illuminate/Container/Container->call(Array)
#28 C:/xampp_lite_8_5/apps/apache/htdocs/maintenance-backend/CampusGlide_Sprint3_Laravel_Vue/vendor/symfony/console/Command/Command.php(341): Illuminate/Console/Command->execute(Object(Symfony/Component/Console/Input/ArgvInput), Object(Illuminate/Console/OutputStyle))
#29 C:/xampp_lite_8_5/apps/apache/htdocs/maintenance-backend/CampusGlide_Sprint3_Laravel_Vue/vendor/laravel/framework/src/Illuminate/Console/Command.php(180): Symfony/Component/Console/Command/Command->run(Object(Symfony/Component/Console/Input/ArgvInput), Object(Illuminate/Console/OutputStyle))
#30 C:/xampp_lite_8_5/apps/apache/htdocs/maintenance-backend/CampusGlide_Sprint3_Laravel_Vue/vendor/symfony/console/Application.php(1117): Illuminate/Console/Command->run(Object(Symfony/Component/Console/Input/ArgvInput), Object(Symfony/Component/Console/Output/ConsoleOutput))
#31 C:/xampp_lite_8_5/apps/apache/htdocs/maintenance-backend/CampusGlide_Sprint3_Laravel_Vue/vendor/symfony/console/Application.php(356): Symfony/Component/Console/Application->doRunCommand(Object(Illuminate/Database/Console/Migrations/MigrateCommand), Object(Symfony/Component/Console/Input/ArgvInput), Object(Symfony/Component/Console/Output/ConsoleOutput))
#32 C:/xampp_lite_8_5/apps/apache/htdocs/maintenance-backend/CampusGlide_Sprint3_Laravel_Vue/vendor/symfony/console/Application.php(195): Symfony/Component/Console/Application->doRun(Object(Symfony/Component/Console/Input/ArgvInput), Object(Symfony/Component/Console/Output/ConsoleOutput))
#33 C:/xampp_lite_8_5/apps/apache/htdocs/maintenance-backend/CampusGlide_Sprint3_Laravel_Vue/vendor/laravel/framework/src/Illuminate/Foundation/Console/Kernel.php(198): Symfony/Component/Console/Application->run(Object(Symfony/Component/Console/Input/ArgvInput), Object(Symfony/Component/Console/Output/ConsoleOutput))
#34 C:/xampp_lite_8_5/apps/apache/htdocs/maintenance-backend/CampusGlide_Sprint3_Laravel_Vue/vendor/laravel/framework/src/Illuminate/Foundation/Application.php(1235): Illuminate/Foundation/Console/Kernel->handle(Object(Symfony/Component/Console/Input/ArgvInput), Object(Symfony/Component/Console/Output/ConsoleOutput))
#35 C:/xampp_lite_8_5/apps/apache/htdocs/maintenance-backend/CampusGlide_Sprint3_Laravel_Vue/artisan(10): Illuminate/Foundation/Application->handleCommand(Object(Symfony/Component/Console/Input/ArgvInput))
#36 {main}
"} 
[2026-09-28 18:37:52] local.ERROR: SQLSTATE[HY000]: General error: 1005 Can't create table `campusglide_db`.`fuel_usage_records` (errno: 150 "Foreign key constraint is incorrectly formed") (Connection: mysql, Host: 127.0.0.1, Port: 3306, Database: campusglide_db, SQL: alter table `fuel_usage_records` add constraint `fuel_usage_records_vehicle_id_foreign` foreign key (`vehicle_id`) references `vehicles` (`id`) on delete restrict) {"exception":"[object] (Illuminate\\Database\\QueryException(code: HY000): SQLSTATE[HY000]: General error: 1005 Can't create table `campusglide_db`.`fuel_usage_records` (errno: 150 \"Foreign key constraint is incorrectly formed\") (Connection: mysql, Host: 127.0.0.1, Port: 3306, Database: campusglide_db, SQL: alter table `fuel_usage_records` add constraint `fuel_usage_records_vehicle_id_foreign` foreign key (`vehicle_id`) references `vehicles` (`id`) on delete restrict) at C:/xampp_lite_8_5/apps/apache/htdocs/maintenance-backend/maintenance_backend/vendor/laravel/framework/src/Illuminate/Database/Connection.php:838)
[stacktrace]
#0 C:/xampp_lite_8_5/apps/apache/htdocs/maintenance-backend/maintenance_backend/vendor/laravel/framework/src/Illuminate/Database/Connection.php(794): Illuminate/Database/Connection->runQueryCallback('alter table `fu...', Array, Object(Closure))
#1 C:/xampp_lite_8_5/apps/apache/htdocs/maintenance-backend/maintenance_backend/vendor/laravel/framework/src/Illuminate/Database/Connection.php(573): Illuminate/Database/Connection->run('alter table `fu...', Array, Object(Closure))
#2 C:/xampp_lite_8_5/apps/apache/htdocs/maintenance-backend/maintenance_backend/vendor/laravel/framework/src/Illuminate/Database/Schema/Blueprint.php(121): Illuminate/Database/Connection->statement('alter table `fu...')
#3 C:/xampp_lite_8_5/apps/apache/htdocs/maintenance-backend/maintenance_backend/vendor/laravel/framework/src/Illuminate/Database/Schema/Builder.php(686): Illuminate/Database/Schema/Blueprint->build()
#4 C:/xampp_lite_8_5/apps/apache/htdocs/maintenance-backend/maintenance_backend/vendor/laravel/framework/src/Illuminate/Database/Schema/Builder.php(506): Illuminate/Database/Schema/Builder->build(Object(Illuminate/Database/Schema/Blueprint))
#5 C:/xampp_lite_8_5/apps/apache/htdocs/maintenance-backend/maintenance_backend/vendor/laravel/framework/src/Illuminate/Support/Facades/Facade.php(363): Illuminate/Database/Schema/Builder->create('fuel_usage_reco...', Object(Closure))
#6 C:/xampp_lite_8_5/apps/apache/htdocs/maintenance-backend/maintenance_backend/database/migrations/2026_09_22_000002_create_fuel_usage_records_table.php(11): Illuminate/Support/Facades/Facade::__callStatic('create', Array)
#7 C:/xampp_lite_8_5/apps/apache/htdocs/maintenance-backend/maintenance_backend/vendor/laravel/framework/src/Illuminate/Database/Migrations/Migrator.php(517): Illuminate/Database/Migrations/Migration@anonymous->up()
#8 C:/xampp_lite_8_5/apps/apache/htdocs/maintenance-backend/maintenance_backend/vendor/laravel/framework/src/Illuminate/Database/Migrations/Migrator.php(442): Illuminate/Database/Migrations/Migrator->runMethod(Object(Illuminate/Database/MySqlConnection), Object(Illuminate/Database/Migrations/Migration@anonymous), 'up')
#9 C:/xampp_lite_8_5/apps/apache/htdocs/maintenance-backend/maintenance_backend/vendor/laravel/framework/src/Illuminate/Database/Migrations/Migrator.php(451): Illuminate/Database/Migrations/Migrator->Illuminate/Database/Migrations/{closure}()
#10 C:/xampp_lite_8_5/apps/apache/htdocs/maintenance-backend/maintenance_backend/vendor/laravel/framework/src/Illuminate/Database/Migrations/Migrator.php(253): Illuminate/Database/Migrations/Migrator->runMigration(Object(Illuminate/Database/Migrations/Migration@anonymous), 'up')
#11 C:/xampp_lite_8_5/apps/apache/htdocs/maintenance-backend/maintenance_backend/vendor/laravel/framework/src/Illuminate/Console/View/Components/Task.php(41): Illuminate/Database/Migrations/Migrator->Illuminate/Database/Migrations/{closure}()
#12 C:/xampp_lite_8_5/apps/apache/htdocs/maintenance-backend/maintenance_backend/vendor/laravel/framework/src/Illuminate/Database/Migrations/Migrator.php(814): Illuminate/Console/View/Components/Task->render('2026_09_22_0000...', Object(Closure))
#13 C:/xampp_lite_8_5/apps/apache/htdocs/maintenance-backend/maintenance_backend/vendor/laravel/framework/src/Illuminate/Database/Migrations/Migrator.php(253): Illuminate/Database/Migrations/Migrator->write('Illuminate//Cons...', '2026_09_22_0000...', Object(Closure))
#14 C:/xampp_lite_8_5/apps/apache/htdocs/maintenance-backend/maintenance_backend/vendor/laravel/framework/src/Illuminate/Database/Migrations/Migrator.php(211): Illuminate/Database/Migrations/Migrator->runUp('C://xampp_lite_8...', 3, false)
#15 C:/xampp_lite_8_5/apps/apache/htdocs/maintenance-backend/maintenance_backend/vendor/laravel/framework/src/Illuminate/Database/Migrations/Migrator.php(138): Illuminate/Database/Migrations/Migrator->runPending(Array, Array)
#16 C:/xampp_lite_8_5/apps/apache/htdocs/maintenance-backend/maintenance_backend/vendor/laravel/framework/src/Illuminate/Database/Console/Migrations/MigrateCommand.php(116): Illuminate/Database/Migrations/Migrator->run(Array, Array)
#17 C:/xampp_lite_8_5/apps/apache/htdocs/maintenance-backend/maintenance_backend/vendor/laravel/framework/src/Illuminate/Database/Migrations/Migrator.php(671): Illuminate/Database/Console/Migrations/MigrateCommand->Illuminate/Database/Console/Migrations/{closure}()
#18 C:/xampp_lite_8_5/apps/apache/htdocs/maintenance-backend/maintenance_backend/vendor/laravel/framework/src/Illuminate/Database/Console/Migrations/MigrateCommand.php(109): Illuminate/Database/Migrations/Migrator->usingConnection(NULL, Object(Closure))
#19 C:/xampp_lite_8_5/apps/apache/htdocs/maintenance-backend/maintenance_backend/vendor/laravel/framework/src/Illuminate/Database/Console/Migrations/MigrateCommand.php(88): Illuminate/Database/Console/Migrations/MigrateCommand->runMigrations()
#20 C:/xampp_lite_8_5/apps/apache/htdocs/maintenance-backend/maintenance_backend/vendor/laravel/framework/src/Illuminate/Container/BoundMethod.php(36): Illuminate/Database/Console/Migrations/MigrateCommand->handle()
#21 C:/xampp_lite_8_5/apps/apache/htdocs/maintenance-backend/maintenance_backend/vendor/laravel/framework/src/Illuminate/Container/Util.php(43): Illuminate/Container/BoundMethod::Illuminate/Container/{closure}()
#22 C:/xampp_lite_8_5/apps/apache/htdocs/maintenance-backend/maintenance_backend/vendor/laravel/framework/src/Illuminate/Container/BoundMethod.php(96): Illuminate/Container/Util::unwrapIfClosure(Object(Closure))
#23 C:/xampp_lite_8_5/apps/apache/htdocs/maintenance-backend/maintenance_backend/vendor/laravel/framework/src/Illuminate/Container/BoundMethod.php(35): Illuminate/Container/BoundMethod::callBoundMethod(Object(Illuminate/Foundation/Application), Array, Object(Closure))
#24 C:/xampp_lite_8_5/apps/apache/htdocs/maintenance-backend/maintenance_backend/vendor/laravel/framework/src/Illuminate/Container/Container.php(799): Illuminate/Container/BoundMethod::call(Object(Illuminate/Foundation/Application), Array, Array, NULL)
#25 C:/xampp_lite_8_5/apps/apache/htdocs/maintenance-backend/maintenance_backend/vendor/laravel/framework/src/Illuminate/Console/Command.php(211): Illuminate/Container/Container->call(Array)
#26 C:/xampp_lite_8_5/apps/apache/htdocs/maintenance-backend/maintenance_backend/vendor/symfony/console/Command/Command.php(341): Illuminate/Console/Command->execute(Object(Symfony/Component/Console/Input/ArgvInput), Object(Illuminate/Console/OutputStyle))
#27 C:/xampp_lite_8_5/apps/apache/htdocs/maintenance-backend/maintenance_backend/vendor/laravel/framework/src/Illuminate/Console/Command.php(180): Symfony/Component/Console/Command/Command->run(Object(Symfony/Component/Console/Input/ArgvInput), Object(Illuminate/Console/OutputStyle))
#28 C:/xampp_lite_8_5/apps/apache/htdocs/maintenance-backend/maintenance_backend/vendor/symfony/console/Application.php(1117): Illuminate/Console/Command->run(Object(Symfony/Component/Console/Input/ArgvInput), Object(Symfony/Component/Console/Output/ConsoleOutput))
#29 C:/xampp_lite_8_5/apps/apache/htdocs/maintenance-backend/maintenance_backend/vendor/symfony/console/Application.php(356): Symfony/Component/Console/Application->doRunCommand(Object(Illuminate/Database/Console/Migrations/MigrateCommand), Object(Symfony/Component/Console/Input/ArgvInput), Object(Symfony/Component/Console/Output/ConsoleOutput))
#30 C:/xampp_lite_8_5/apps/apache/htdocs/maintenance-backend/maintenance_backend/vendor/symfony/console/Application.php(195): Symfony/Component/Console/Application->doRun(Object(Symfony/Component/Console/Input/ArgvInput), Object(Symfony/Component/Console/Output/ConsoleOutput))
#31 C:/xampp_lite_8_5/apps/apache/htdocs/maintenance-backend/maintenance_backend/vendor/laravel/framework/src/Illuminate/Foundation/Console/Kernel.php(198): Symfony/Component/Console/Application->run(Object(Symfony/Component/Console/Input/ArgvInput), Object(Symfony/Component/Console/Output/ConsoleOutput))
#32 C:/xampp_lite_8_5/apps/apache/htdocs/maintenance-backend/maintenance_backend/vendor/laravel/framework/src/Illuminate/Foundation/Application.php(1235): Illuminate/Foundation/Console/Kernel->handle(Object(Symfony/Component/Console/Input/ArgvInput), Object(Symfony/Component/Console/Output/ConsoleOutput))
#33 C:/xampp_lite_8_5/apps/apache/htdocs/maintenance-backend/maintenance_backend/artisan(10): Illuminate/Foundation/Application->handleCommand(Object(Symfony/Component/Console/Input/ArgvInput))
#34 {main}

[previous exception] [object] (PDOException(code: HY000): SQLSTATE[HY000]: General error: 1005 Can't create table `campusglide_db`.`fuel_usage_records` (errno: 150 \"Foreign key constraint is incorrectly formed\") at C:/xampp_lite_8_5/apps/apache/htdocs/maintenance-backend/maintenance_backend/vendor/laravel/framework/src/Illuminate/Database/Connection.php:584)
[stacktrace]
#0 C:/xampp_lite_8_5/apps/apache/htdocs/maintenance-backend/maintenance_backend/vendor/laravel/framework/src/Illuminate/Database/Connection.php(584): PDOStatement->execute()
#1 C:/xampp_lite_8_5/apps/apache/htdocs/maintenance-backend/maintenance_backend/vendor/laravel/framework/src/Illuminate/Database/Connection.php(827): Illuminate/Database/Connection->Illuminate/Database/{closure}('alter table `fu...', Array)
#2 C:/xampp_lite_8_5/apps/apache/htdocs/maintenance-backend/maintenance_backend/vendor/laravel/framework/src/Illuminate/Database/Connection.php(794): Illuminate/Database/Connection->runQueryCallback('alter table `fu...', Array, Object(Closure))
#3 C:/xampp_lite_8_5/apps/apache/htdocs/maintenance-backend/maintenance_backend/vendor/laravel/framework/src/Illuminate/Database/Connection.php(573): Illuminate/Database/Connection->run('alter table `fu...', Array, Object(Closure))
#4 C:/xampp_lite_8_5/apps/apache/htdocs/maintenance-backend/maintenance_backend/vendor/laravel/framework/src/Illuminate/Database/Schema/Blueprint.php(121): Illuminate/Database/Connection->statement('alter table `fu...')
#5 C:/xampp_lite_8_5/apps/apache/htdocs/maintenance-backend/maintenance_backend/vendor/laravel/framework/src/Illuminate/Database/Schema/Builder.php(686): Illuminate/Database/Schema/Blueprint->build()
#6 C:/xampp_lite_8_5/apps/apache/htdocs/maintenance-backend/maintenance_backend/vendor/laravel/framework/src/Illuminate/Database/Schema/Builder.php(506): Illuminate/Database/Schema/Builder->build(Object(Illuminate/Database/Schema/Blueprint))
#7 C:/xampp_lite_8_5/apps/apache/htdocs/maintenance-backend/maintenance_backend/vendor/laravel/framework/src/Illuminate/Support/Facades/Facade.php(363): Illuminate/Database/Schema/Builder->create('fuel_usage_reco...', Object(Closure))
#8 C:/xampp_lite_8_5/apps/apache/htdocs/maintenance-backend/maintenance_backend/database/migrations/2026_09_22_000002_create_fuel_usage_records_table.php(11): Illuminate/Support/Facades/Facade::__callStatic('create', Array)
#9 C:/xampp_lite_8_5/apps/apache/htdocs/maintenance-backend/maintenance_backend/vendor/laravel/framework/src/Illuminate/Database/Migrations/Migrator.php(517): Illuminate/Database/Migrations/Migration@anonymous->up()
#10 C:/xampp_lite_8_5/apps/apache/htdocs/maintenance-backend/maintenance_backend/vendor/laravel/framework/src/Illuminate/Database/Migrations/Migrator.php(442): Illuminate/Database/Migrations/Migrator->runMethod(Object(Illuminate/Database/MySqlConnection), Object(Illuminate/Database/Migrations/Migration@anonymous), 'up')
#11 C:/xampp_lite_8_5/apps/apache/htdocs/maintenance-backend/maintenance_backend/vendor/laravel/framework/src/Illuminate/Database/Migrations/Migrator.php(451): Illuminate/Database/Migrations/Migrator->Illuminate/Database/Migrations/{closure}()
#12 C:/xampp_lite_8_5/apps/apache/htdocs/maintenance-backend/maintenance_backend/vendor/laravel/framework/src/Illuminate/Database/Migrations/Migrator.php(253): Illuminate/Database/Migrations/Migrator->runMigration(Object(Illuminate/Database/Migrations/Migration@anonymous), 'up')
#13 C:/xampp_lite_8_5/apps/apache/htdocs/maintenance-backend/maintenance_backend/vendor/laravel/framework/src/Illuminate/Console/View/Components/Task.php(41): Illuminate/Database/Migrations/Migrator->Illuminate/Database/Migrations/{closure}()
#14 C:/xampp_lite_8_5/apps/apache/htdocs/maintenance-backend/maintenance_backend/vendor/laravel/framework/src/Illuminate/Database/Migrations/Migrator.php(814): Illuminate/Console/View/Components/Task->render('2026_09_22_0000...', Object(Closure))
#15 C:/xampp_lite_8_5/apps/apache/htdocs/maintenance-backend/maintenance_backend/vendor/laravel/framework/src/Illuminate/Database/Migrations/Migrator.php(253): Illuminate/Database/Migrations/Migrator->write('Illuminate//Cons...', '2026_09_22_0000...', Object(Closure))
#16 C:/xampp_lite_8_5/apps/apache/htdocs/maintenance-backend/maintenance_backend/vendor/laravel/framework/src/Illuminate/Database/Migrations/Migrator.php(211): Illuminate/Database/Migrations/Migrator->runUp('C://xampp_lite_8...', 3, false)
#17 C:/xampp_lite_8_5/apps/apache/htdocs/maintenance-backend/maintenance_backend/vendor/laravel/framework/src/Illuminate/Database/Migrations/Migrator.php(138): Illuminate/Database/Migrations/Migrator->runPending(Array, Array)
#18 C:/xampp_lite_8_5/apps/apache/htdocs/maintenance-backend/maintenance_backend/vendor/laravel/framework/src/Illuminate/Database/Console/Migrations/MigrateCommand.php(116): Illuminate/Database/Migrations/Migrator->run(Array, Array)
#19 C:/xampp_lite_8_5/apps/apache/htdocs/maintenance-backend/maintenance_backend/vendor/laravel/framework/src/Illuminate/Database/Migrations/Migrator.php(671): Illuminate/Database/Console/Migrations/MigrateCommand->Illuminate/Database/Console/Migrations/{closure}()
#20 C:/xampp_lite_8_5/apps/apache/htdocs/maintenance-backend/maintenance_backend/vendor/laravel/framework/src/Illuminate/Database/Console/Migrations/MigrateCommand.php(109): Illuminate/Database/Migrations/Migrator->usingConnection(NULL, Object(Closure))
#21 C:/xampp_lite_8_5/apps/apache/htdocs/maintenance-backend/maintenance_backend/vendor/laravel/framework/src/Illuminate/Database/Console/Migrations/MigrateCommand.php(88): Illuminate/Database/Console/Migrations/MigrateCommand->runMigrations()
#22 C:/xampp_lite_8_5/apps/apache/htdocs/maintenance-backend/maintenance_backend/vendor/laravel/framework/src/Illuminate/Container/BoundMethod.php(36): Illuminate/Database/Console/Migrations/MigrateCommand->handle()
#23 C:/xampp_lite_8_5/apps/apache/htdocs/maintenance-backend/maintenance_backend/vendor/laravel/framework/src/Illuminate/Container/Util.php(43): Illuminate/Container/BoundMethod::Illuminate/Container/{closure}()
#24 C:/xampp_lite_8_5/apps/apache/htdocs/maintenance-backend/maintenance_backend/vendor/laravel/framework/src/Illuminate/Container/BoundMethod.php(96): Illuminate/Container/Util::unwrapIfClosure(Object(Closure))
#25 C:/xampp_lite_8_5/apps/apache/htdocs/maintenance-backend/maintenance_backend/vendor/laravel/framework/src/Illuminate/Container/BoundMethod.php(35): Illuminate/Container/BoundMethod::callBoundMethod(Object(Illuminate/Foundation/Application), Array, Object(Closure))
#26 C:/xampp_lite_8_5/apps/apache/htdocs/maintenance-backend/maintenance_backend/vendor/laravel/framework/src/Illuminate/Container/Container.php(799): Illuminate/Container/BoundMethod::call(Object(Illuminate/Foundation/Application), Array, Array, NULL)
#27 C:/xampp_lite_8_5/apps/apache/htdocs/maintenance-backend/maintenance_backend/vendor/laravel/framework/src/Illuminate/Console/Command.php(211): Illuminate/Container/Container->call(Array)
#28 C:/xampp_lite_8_5/apps/apache/htdocs/maintenance-backend/maintenance_backend/vendor/symfony/console/Command/Command.php(341): Illuminate/Console/Command->execute(Object(Symfony/Component/Console/Input/ArgvInput), Object(Illuminate/Console/OutputStyle))
#29 C:/xampp_lite_8_5/apps/apache/htdocs/maintenance-backend/maintenance_backend/vendor/laravel/framework/src/Illuminate/Console/Command.php(180): Symfony/Component/Console/Command/Command->run(Object(Symfony/Component/Console/Input/ArgvInput), Object(Illuminate/Console/OutputStyle))
#30 C:/xampp_lite_8_5/apps/apache/htdocs/maintenance-backend/maintenance_backend/vendor/symfony/console/Application.php(1117): Illuminate/Console/Command->run(Object(Symfony/Component/Console/Input/ArgvInput), Object(Symfony/Component/Console/Output/ConsoleOutput))
#31 C:/xampp_lite_8_5/apps/apache/htdocs/maintenance-backend/maintenance_backend/vendor/symfony/console/Application.php(356): Symfony/Component/Console/Application->doRunCommand(Object(Illuminate/Database/Console/Migrations/MigrateCommand), Object(Symfony/Component/Console/Input/ArgvInput), Object(Symfony/Component/Console/Output/ConsoleOutput))
#32 C:/xampp_lite_8_5/apps/apache/htdocs/maintenance-backend/maintenance_backend/vendor/symfony/console/Application.php(195): Symfony/Component/Console/Application->doRun(Object(Symfony/Component/Console/Input/ArgvInput), Object(Symfony/Component/Console/Output/ConsoleOutput))
#33 C:/xampp_lite_8_5/apps/apache/htdocs/maintenance-backend/maintenance_backend/vendor/laravel/framework/src/Illuminate/Foundation/Console/Kernel.php(198): Symfony/Component/Console/Application->run(Object(Symfony/Component/Console/Input/ArgvInput), Object(Symfony/Component/Console/Output/ConsoleOutput))
#34 C:/xampp_lite_8_5/apps/apache/htdocs/maintenance-backend/maintenance_backend/vendor/laravel/framework/src/Illuminate/Foundation/Application.php(1235): Illuminate/Foundation/Console/Kernel->handle(Object(Symfony/Component/Console/Input/ArgvInput), Object(Symfony/Component/Console/Output/ConsoleOutput))
#35 C:/xampp_lite_8_5/apps/apache/htdocs/maintenance-backend/maintenance_backend/artisan(10): Illuminate/Foundation/Application->handleCommand(Object(Symfony/Component/Console/Input/ArgvInput))
#36 {main}
"} 
[2026-09-28 18:46:11] local.ERROR: SQLSTATE[HY000]: General error: 1005 Can't create table `campusglide_db`.`preventive_maintenance_checklists` (errno: 150 "Foreign key constraint is incorrectly formed") (Connection: mysql, Host: 127.0.0.1, Port: 3306, Database: campusglide_db, SQL: alter table `preventive_maintenance_checklists` add constraint `preventive_maintenance_checklists_vehicle_id_foreign` foreign key (`vehicle_id`) references `vehicles` (`id`) on delete restrict) {"exception":"[object] (Illuminate\\Database\\QueryException(code: HY000): SQLSTATE[HY000]: General error: 1005 Can't create table `campusglide_db`.`preventive_maintenance_checklists` (errno: 150 \"Foreign key constraint is incorrectly formed\") (Connection: mysql, Host: 127.0.0.1, Port: 3306, Database: campusglide_db, SQL: alter table `preventive_maintenance_checklists` add constraint `preventive_maintenance_checklists_vehicle_id_foreign` foreign key (`vehicle_id`) references `vehicles` (`id`) on delete restrict) at C:/xampp_lite_8_5/apps/apache/htdocs/maintenance-backend/maintenance_backend/vendor/laravel/framework/src/Illuminate/Database/Connection.php:838)
[stacktrace]
#0 C:/xampp_lite_8_5/apps/apache/htdocs/maintenance-backend/maintenance_backend/vendor/laravel/framework/src/Illuminate/Database/Connection.php(794): Illuminate/Database/Connection->runQueryCallback('alter table `pr...', Array, Object(Closure))
#1 C:/xampp_lite_8_5/apps/apache/htdocs/maintenance-backend/maintenance_backend/vendor/laravel/framework/src/Illuminate/Database/Connection.php(573): Illuminate/Database/Connection->run('alter table `pr...', Array, Object(Closure))
#2 C:/xampp_lite_8_5/apps/apache/htdocs/maintenance-backend/maintenance_backend/vendor/laravel/framework/src/Illuminate/Database/Schema/Blueprint.php(121): Illuminate/Database/Connection->statement('alter table `pr...')
#3 C:/xampp_lite_8_5/apps/apache/htdocs/maintenance-backend/maintenance_backend/vendor/laravel/framework/src/Illuminate/Database/Schema/Builder.php(686): Illuminate/Database/Schema/Blueprint->build()
#4 C:/xampp_lite_8_5/apps/apache/htdocs/maintenance-backend/maintenance_backend/vendor/laravel/framework/src/Illuminate/Database/Schema/Builder.php(506): Illuminate/Database/Schema/Builder->build(Object(Illuminate/Database/Schema/Blueprint))
#5 C:/xampp_lite_8_5/apps/apache/htdocs/maintenance-backend/maintenance_backend/vendor/laravel/framework/src/Illuminate/Support/Facades/Facade.php(363): Illuminate/Database/Schema/Builder->create('preventive_main...', Object(Closure))
#6 C:/xampp_lite_8_5/apps/apache/htdocs/maintenance-backend/maintenance_backend/database/migrations/2026_09_22_000003_create_preventive_maintenance_checklists_table.php(11): Illuminate/Support/Facades/Facade::__callStatic('create', Array)
#7 C:/xampp_lite_8_5/apps/apache/htdocs/maintenance-backend/maintenance_backend/vendor/laravel/framework/src/Illuminate/Database/Migrations/Migrator.php(517): Illuminate/Database/Migrations/Migration@anonymous->up()
#8 C:/xampp_lite_8_5/apps/apache/htdocs/maintenance-backend/maintenance_backend/vendor/laravel/framework/src/Illuminate/Database/Migrations/Migrator.php(442): Illuminate/Database/Migrations/Migrator->runMethod(Object(Illuminate/Database/MySqlConnection), Object(Illuminate/Database/Migrations/Migration@anonymous), 'up')
#9 C:/xampp_lite_8_5/apps/apache/htdocs/maintenance-backend/maintenance_backend/vendor/laravel/framework/src/Illuminate/Database/Migrations/Migrator.php(451): Illuminate/Database/Migrations/Migrator->Illuminate/Database/Migrations/{closure}()
#10 C:/xampp_lite_8_5/apps/apache/htdocs/maintenance-backend/maintenance_backend/vendor/laravel/framework/src/Illuminate/Database/Migrations/Migrator.php(253): Illuminate/Database/Migrations/Migrator->runMigration(Object(Illuminate/Database/Migrations/Migration@anonymous), 'up')
#11 C:/xampp_lite_8_5/apps/apache/htdocs/maintenance-backend/maintenance_backend/vendor/laravel/framework/src/Illuminate/Console/View/Components/Task.php(41): Illuminate/Database/Migrations/Migrator->Illuminate/Database/Migrations/{closure}()
#12 C:/xampp_lite_8_5/apps/apache/htdocs/maintenance-backend/maintenance_backend/vendor/laravel/framework/src/Illuminate/Database/Migrations/Migrator.php(814): Illuminate/Console/View/Components/Task->render('2026_09_22_0000...', Object(Closure))
#13 C:/xampp_lite_8_5/apps/apache/htdocs/maintenance-backend/maintenance_backend/vendor/laravel/framework/src/Illuminate/Database/Migrations/Migrator.php(253): Illuminate/Database/Migrations/Migrator->write('Illuminate//Cons...', '2026_09_22_0000...', Object(Closure))
#14 C:/xampp_lite_8_5/apps/apache/htdocs/maintenance-backend/maintenance_backend/vendor/laravel/framework/src/Illuminate/Database/Migrations/Migrator.php(211): Illuminate/Database/Migrations/Migrator->runUp('C://xampp_lite_8...', 4, false)
#15 C:/xampp_lite_8_5/apps/apache/htdocs/maintenance-backend/maintenance_backend/vendor/laravel/framework/src/Illuminate/Database/Migrations/Migrator.php(138): Illuminate/Database/Migrations/Migrator->runPending(Array, Array)
#16 C:/xampp_lite_8_5/apps/apache/htdocs/maintenance-backend/maintenance_backend/vendor/laravel/framework/src/Illuminate/Database/Console/Migrations/MigrateCommand.php(116): Illuminate/Database/Migrations/Migrator->run(Array, Array)
#17 C:/xampp_lite_8_5/apps/apache/htdocs/maintenance-backend/maintenance_backend/vendor/laravel/framework/src/Illuminate/Database/Migrations/Migrator.php(671): Illuminate/Database/Console/Migrations/MigrateCommand->Illuminate/Database/Console/Migrations/{closure}()
#18 C:/xampp_lite_8_5/apps/apache/htdocs/maintenance-backend/maintenance_backend/vendor/laravel/framework/src/Illuminate/Database/Console/Migrations/MigrateCommand.php(109): Illuminate/Database/Migrations/Migrator->usingConnection(NULL, Object(Closure))
#19 C:/xampp_lite_8_5/apps/apache/htdocs/maintenance-backend/maintenance_backend/vendor/laravel/framework/src/Illuminate/Database/Console/Migrations/MigrateCommand.php(88): Illuminate/Database/Console/Migrations/MigrateCommand->runMigrations()
#20 C:/xampp_lite_8_5/apps/apache/htdocs/maintenance-backend/maintenance_backend/vendor/laravel/framework/src/Illuminate/Container/BoundMethod.php(36): Illuminate/Database/Console/Migrations/MigrateCommand->handle()
#21 C:/xampp_lite_8_5/apps/apache/htdocs/maintenance-backend/maintenance_backend/vendor/laravel/framework/src/Illuminate/Container/Util.php(43): Illuminate/Container/BoundMethod::Illuminate/Container/{closure}()
#22 C:/xampp_lite_8_5/apps/apache/htdocs/maintenance-backend/maintenance_backend/vendor/laravel/framework/src/Illuminate/Container/BoundMethod.php(96): Illuminate/Container/Util::unwrapIfClosure(Object(Closure))
#23 C:/xampp_lite_8_5/apps/apache/htdocs/maintenance-backend/maintenance_backend/vendor/laravel/framework/src/Illuminate/Container/BoundMethod.php(35): Illuminate/Container/BoundMethod::callBoundMethod(Object(Illuminate/Foundation/Application), Array, Object(Closure))
#24 C:/xampp_lite_8_5/apps/apache/htdocs/maintenance-backend/maintenance_backend/vendor/laravel/framework/src/Illuminate/Container/Container.php(799): Illuminate/Container/BoundMethod::call(Object(Illuminate/Foundation/Application), Array, Array, NULL)
#25 C:/xampp_lite_8_5/apps/apache/htdocs/maintenance-backend/maintenance_backend/vendor/laravel/framework/src/Illuminate/Console/Command.php(211): Illuminate/Container/Container->call(Array)
#26 C:/xampp_lite_8_5/apps/apache/htdocs/maintenance-backend/maintenance_backend/vendor/symfony/console/Command/Command.php(341): Illuminate/Console/Command->execute(Object(Symfony/Component/Console/Input/ArgvInput), Object(Illuminate/Console/OutputStyle))
#27 C:/xampp_lite_8_5/apps/apache/htdocs/maintenance-backend/maintenance_backend/vendor/laravel/framework/src/Illuminate/Console/Command.php(180): Symfony/Component/Console/Command/Command->run(Object(Symfony/Component/Console/Input/ArgvInput), Object(Illuminate/Console/OutputStyle))
#28 C:/xampp_lite_8_5/apps/apache/htdocs/maintenance-backend/maintenance_backend/vendor/symfony/console/Application.php(1117): Illuminate/Console/Command->run(Object(Symfony/Component/Console/Input/ArgvInput), Object(Symfony/Component/Console/Output/ConsoleOutput))
#29 C:/xampp_lite_8_5/apps/apache/htdocs/maintenance-backend/maintenance_backend/vendor/symfony/console/Application.php(356): Symfony/Component/Console/Application->doRunCommand(Object(Illuminate/Database/Console/Migrations/MigrateCommand), Object(Symfony/Component/Console/Input/ArgvInput), Object(Symfony/Component/Console/Output/ConsoleOutput))
#30 C:/xampp_lite_8_5/apps/apache/htdocs/maintenance-backend/maintenance_backend/vendor/symfony/console/Application.php(195): Symfony/Component/Console/Application->doRun(Object(Symfony/Component/Console/Input/ArgvInput), Object(Symfony/Component/Console/Output/ConsoleOutput))
#31 C:/xampp_lite_8_5/apps/apache/htdocs/maintenance-backend/maintenance_backend/vendor/laravel/framework/src/Illuminate/Foundation/Console/Kernel.php(198): Symfony/Component/Console/Application->run(Object(Symfony/Component/Console/Input/ArgvInput), Object(Symfony/Component/Console/Output/ConsoleOutput))
#32 C:/xampp_lite_8_5/apps/apache/htdocs/maintenance-backend/maintenance_backend/vendor/laravel/framework/src/Illuminate/Foundation/Application.php(1235): Illuminate/Foundation/Console/Kernel->handle(Object(Symfony/Component/Console/Input/ArgvInput), Object(Symfony/Component/Console/Output/ConsoleOutput))
#33 C:/xampp_lite_8_5/apps/apache/htdocs/maintenance-backend/maintenance_backend/artisan(10): Illuminate/Foundation/Application->handleCommand(Object(Symfony/Component/Console/Input/ArgvInput))
#34 {main}

[previous exception] [object] (PDOException(code: HY000): SQLSTATE[HY000]: General error: 1005 Can't create table `campusglide_db`.`preventive_maintenance_checklists` (errno: 150 \"Foreign key constraint is incorrectly formed\") at C:/xampp_lite_8_5/apps/apache/htdocs/maintenance-backend/maintenance_backend/vendor/laravel/framework/src/Illuminate/Database/Connection.php:584)
[stacktrace]
#0 C:/xampp_lite_8_5/apps/apache/htdocs/maintenance-backend/maintenance_backend/vendor/laravel/framework/src/Illuminate/Database/Connection.php(584): PDOStatement->execute()
#1 C:/xampp_lite_8_5/apps/apache/htdocs/maintenance-backend/maintenance_backend/vendor/laravel/framework/src/Illuminate/Database/Connection.php(827): Illuminate/Database/Connection->Illuminate/Database/{closure}('alter table `pr...', Array)
#2 C:/xampp_lite_8_5/apps/apache/htdocs/maintenance-backend/maintenance_backend/vendor/laravel/framework/src/Illuminate/Database/Connection.php(794): Illuminate/Database/Connection->runQueryCallback('alter table `pr...', Array, Object(Closure))
#3 C:/xampp_lite_8_5/apps/apache/htdocs/maintenance-backend/maintenance_backend/vendor/laravel/framework/src/Illuminate/Database/Connection.php(573): Illuminate/Database/Connection->run('alter table `pr...', Array, Object(Closure))
#4 C:/xampp_lite_8_5/apps/apache/htdocs/maintenance-backend/maintenance_backend/vendor/laravel/framework/src/Illuminate/Database/Schema/Blueprint.php(121): Illuminate/Database/Connection->statement('alter table `pr...')
#5 C:/xampp_lite_8_5/apps/apache/htdocs/maintenance-backend/maintenance_backend/vendor/laravel/framework/src/Illuminate/Database/Schema/Builder.php(686): Illuminate/Database/Schema/Blueprint->build()
#6 C:/xampp_lite_8_5/apps/apache/htdocs/maintenance-backend/maintenance_backend/vendor/laravel/framework/src/Illuminate/Database/Schema/Builder.php(506): Illuminate/Database/Schema/Builder->build(Object(Illuminate/Database/Schema/Blueprint))
#7 C:/xampp_lite_8_5/apps/apache/htdocs/maintenance-backend/maintenance_backend/vendor/laravel/framework/src/Illuminate/Support/Facades/Facade.php(363): Illuminate/Database/Schema/Builder->create('preventive_main...', Object(Closure))
#8 C:/xampp_lite_8_5/apps/apache/htdocs/maintenance-backend/maintenance_backend/database/migrations/2026_09_22_000003_create_preventive_maintenance_checklists_table.php(11): Illuminate/Support/Facades/Facade::__callStatic('create', Array)
#9 C:/xampp_lite_8_5/apps/apache/htdocs/maintenance-backend/maintenance_backend/vendor/laravel/framework/src/Illuminate/Database/Migrations/Migrator.php(517): Illuminate/Database/Migrations/Migration@anonymous->up()
#10 C:/xampp_lite_8_5/apps/apache/htdocs/maintenance-backend/maintenance_backend/vendor/laravel/framework/src/Illuminate/Database/Migrations/Migrator.php(442): Illuminate/Database/Migrations/Migrator->runMethod(Object(Illuminate/Database/MySqlConnection), Object(Illuminate/Database/Migrations/Migration@anonymous), 'up')
#11 C:/xampp_lite_8_5/apps/apache/htdocs/maintenance-backend/maintenance_backend/vendor/laravel/framework/src/Illuminate/Database/Migrations/Migrator.php(451): Illuminate/Database/Migrations/Migrator->Illuminate/Database/Migrations/{closure}()
#12 C:/xampp_lite_8_5/apps/apache/htdocs/maintenance-backend/maintenance_backend/vendor/laravel/framework/src/Illuminate/Database/Migrations/Migrator.php(253): Illuminate/Database/Migrations/Migrator->runMigration(Object(Illuminate/Database/Migrations/Migration@anonymous), 'up')
#13 C:/xampp_lite_8_5/apps/apache/htdocs/maintenance-backend/maintenance_backend/vendor/laravel/framework/src/Illuminate/Console/View/Components/Task.php(41): Illuminate/Database/Migrations/Migrator->Illuminate/Database/Migrations/{closure}()
#14 C:/xampp_lite_8_5/apps/apache/htdocs/maintenance-backend/maintenance_backend/vendor/laravel/framework/src/Illuminate/Database/Migrations/Migrator.php(814): Illuminate/Console/View/Components/Task->render('2026_09_22_0000...', Object(Closure))
#15 C:/xampp_lite_8_5/apps/apache/htdocs/maintenance-backend/maintenance_backend/vendor/laravel/framework/src/Illuminate/Database/Migrations/Migrator.php(253): Illuminate/Database/Migrations/Migrator->write('Illuminate//Cons...', '2026_09_22_0000...', Object(Closure))
#16 C:/xampp_lite_8_5/apps/apache/htdocs/maintenance-backend/maintenance_backend/vendor/laravel/framework/src/Illuminate/Database/Migrations/Migrator.php(211): Illuminate/Database/Migrations/Migrator->runUp('C://xampp_lite_8...', 4, false)
#17 C:/xampp_lite_8_5/apps/apache/htdocs/maintenance-backend/maintenance_backend/vendor/laravel/framework/src/Illuminate/Database/Migrations/Migrator.php(138): Illuminate/Database/Migrations/Migrator->runPending(Array, Array)
#18 C:/xampp_lite_8_5/apps/apache/htdocs/maintenance-backend/maintenance_backend/vendor/laravel/framework/src/Illuminate/Database/Console/Migrations/MigrateCommand.php(116): Illuminate/Database/Migrations/Migrator->run(Array, Array)
#19 C:/xampp_lite_8_5/apps/apache/htdocs/maintenance-backend/maintenance_backend/vendor/laravel/framework/src/Illuminate/Database/Migrations/Migrator.php(671): Illuminate/Database/Console/Migrations/MigrateCommand->Illuminate/Database/Console/Migrations/{closure}()
#20 C:/xampp_lite_8_5/apps/apache/htdocs/maintenance-backend/maintenance_backend/vendor/laravel/framework/src/Illuminate/Database/Console/Migrations/MigrateCommand.php(109): Illuminate/Database/Migrations/Migrator->usingConnection(NULL, Object(Closure))
#21 C:/xampp_lite_8_5/apps/apache/htdocs/maintenance-backend/maintenance_backend/vendor/laravel/framework/src/Illuminate/Database/Console/Migrations/MigrateCommand.php(88): Illuminate/Database/Console/Migrations/MigrateCommand->runMigrations()
#22 C:/xampp_lite_8_5/apps/apache/htdocs/maintenance-backend/maintenance_backend/vendor/laravel/framework/src/Illuminate/Container/BoundMethod.php(36): Illuminate/Database/Console/Migrations/MigrateCommand->handle()
#23 C:/xampp_lite_8_5/apps/apache/htdocs/maintenance-backend/maintenance_backend/vendor/laravel/framework/src/Illuminate/Container/Util.php(43): Illuminate/Container/BoundMethod::Illuminate/Container/{closure}()
#24 C:/xampp_lite_8_5/apps/apache/htdocs/maintenance-backend/maintenance_backend/vendor/laravel/framework/src/Illuminate/Container/BoundMethod.php(96): Illuminate/Container/Util::unwrapIfClosure(Object(Closure))
#25 C:/xampp_lite_8_5/apps/apache/htdocs/maintenance-backend/maintenance_backend/vendor/laravel/framework/src/Illuminate/Container/BoundMethod.php(35): Illuminate/Container/BoundMethod::callBoundMethod(Object(Illuminate/Foundation/Application), Array, Object(Closure))
#26 C:/xampp_lite_8_5/apps/apache/htdocs/maintenance-backend/maintenance_backend/vendor/laravel/framework/src/Illuminate/Container/Container.php(799): Illuminate/Container/BoundMethod::call(Object(Illuminate/Foundation/Application), Array, Array, NULL)
#27 C:/xampp_lite_8_5/apps/apache/htdocs/maintenance-backend/maintenance_backend/vendor/laravel/framework/src/Illuminate/Console/Command.php(211): Illuminate/Container/Container->call(Array)
#28 C:/xampp_lite_8_5/apps/apache/htdocs/maintenance-backend/maintenance_backend/vendor/symfony/console/Command/Command.php(341): Illuminate/Console/Command->execute(Object(Symfony/Component/Console/Input/ArgvInput), Object(Illuminate/Console/OutputStyle))
#29 C:/xampp_lite_8_5/apps/apache/htdocs/maintenance-backend/maintenance_backend/vendor/laravel/framework/src/Illuminate/Console/Command.php(180): Symfony/Component/Console/Command/Command->run(Object(Symfony/Component/Console/Input/ArgvInput), Object(Illuminate/Console/OutputStyle))
#30 C:/xampp_lite_8_5/apps/apache/htdocs/maintenance-backend/maintenance_backend/vendor/symfony/console/Application.php(1117): Illuminate/Console/Command->run(Object(Symfony/Component/Console/Input/ArgvInput), Object(Symfony/Component/Console/Output/ConsoleOutput))
#31 C:/xampp_lite_8_5/apps/apache/htdocs/maintenance-backend/maintenance_backend/vendor/symfony/console/Application.php(356): Symfony/Component/Console/Application->doRunCommand(Object(Illuminate/Database/Console/Migrations/MigrateCommand), Object(Symfony/Component/Console/Input/ArgvInput), Object(Symfony/Component/Console/Output/ConsoleOutput))
#32 C:/xampp_lite_8_5/apps/apache/htdocs/maintenance-backend/maintenance_backend/vendor/symfony/console/Application.php(195): Symfony/Component/Console/Application->doRun(Object(Symfony/Component/Console/Input/ArgvInput), Object(Symfony/Component/Console/Output/ConsoleOutput))
#33 C:/xampp_lite_8_5/apps/apache/htdocs/maintenance-backend/maintenance_backend/vendor/laravel/framework/src/Illuminate/Foundation/Console/Kernel.php(198): Symfony/Component/Console/Application->run(Object(Symfony/Component/Console/Input/ArgvInput), Object(Symfony/Component/Console/Output/ConsoleOutput))
#34 C:/xampp_lite_8_5/apps/apache/htdocs/maintenance-backend/maintenance_backend/vendor/laravel/framework/src/Illuminate/Foundation/Application.php(1235): Illuminate/Foundation/Console/Kernel->handle(Object(Symfony/Component/Console/Input/ArgvInput), Object(Symfony/Component/Console/Output/ConsoleOutput))
#35 C:/xampp_lite_8_5/apps/apache/htdocs/maintenance-backend/maintenance_backend/artisan(10): Illuminate/Foundation/Application->handleCommand(Object(Symfony/Component/Console/Input/ArgvInput))
#36 {main}
"} 
[2026-09-28 20:07:58] local.ERROR: SQLSTATE[42000]: Syntax error or access violation: 1059 Identifier name 'preventive_maintenance_checklists_vehicle_id_inspection_date_index' is too long (Connection: mysql, Host: 127.0.0.1, Port: 3306, Database: campusglide_db, SQL: alter table `preventive_maintenance_checklists` add index `preventive_maintenance_checklists_vehicle_id_inspection_date_index`(`vehicle_id`, `inspection_date`)) {"exception":"[object] (Illuminate\\Database\\QueryException(code: 42000): SQLSTATE[42000]: Syntax error or access violation: 1059 Identifier name 'preventive_maintenance_checklists_vehicle_id_inspection_date_index' is too long (Connection: mysql, Host: 127.0.0.1, Port: 3306, Database: campusglide_db, SQL: alter table `preventive_maintenance_checklists` add index `preventive_maintenance_checklists_vehicle_id_inspection_date_index`(`vehicle_id`, `inspection_date`)) at C:/xampp_lite_8_5/apps/apache/htdocs/maintenance-backend/maintenance_backend/vendor/laravel/framework/src/Illuminate/Database/Connection.php:838)
[stacktrace]
#0 C:/xampp_lite_8_5/apps/apache/htdocs/maintenance-backend/maintenance_backend/vendor/laravel/framework/src/Illuminate/Database/Connection.php(794): Illuminate/Database/Connection->runQueryCallback('alter table `pr...', Array, Object(Closure))
#1 C:/xampp_lite_8_5/apps/apache/htdocs/maintenance-backend/maintenance_backend/vendor/laravel/framework/src/Illuminate/Database/Connection.php(573): Illuminate/Database/Connection->run('alter table `pr...', Array, Object(Closure))
#2 C:/xampp_lite_8_5/apps/apache/htdocs/maintenance-backend/maintenance_backend/vendor/laravel/framework/src/Illuminate/Database/Schema/Blueprint.php(121): Illuminate/Database/Connection->statement('alter table `pr...')
#3 C:/xampp_lite_8_5/apps/apache/htdocs/maintenance-backend/maintenance_backend/vendor/laravel/framework/src/Illuminate/Database/Schema/Builder.php(686): Illuminate/Database/Schema/Blueprint->build()
#4 C:/xampp_lite_8_5/apps/apache/htdocs/maintenance-backend/maintenance_backend/vendor/laravel/framework/src/Illuminate/Database/Schema/Builder.php(506): Illuminate/Database/Schema/Builder->build(Object(Illuminate/Database/Schema/Blueprint))
#5 C:/xampp_lite_8_5/apps/apache/htdocs/maintenance-backend/maintenance_backend/vendor/laravel/framework/src/Illuminate/Support/Facades/Facade.php(363): Illuminate/Database/Schema/Builder->create('preventive_main...', Object(Closure))
#6 C:/xampp_lite_8_5/apps/apache/htdocs/maintenance-backend/maintenance_backend/database/migrations/2026_09_22_000003_create_preventive_maintenance_checklists_table.php(11): Illuminate/Support/Facades/Facade::__callStatic('create', Array)
#7 C:/xampp_lite_8_5/apps/apache/htdocs/maintenance-backend/maintenance_backend/vendor/laravel/framework/src/Illuminate/Database/Migrations/Migrator.php(517): Illuminate/Database/Migrations/Migration@anonymous->up()
#8 C:/xampp_lite_8_5/apps/apache/htdocs/maintenance-backend/maintenance_backend/vendor/laravel/framework/src/Illuminate/Database/Migrations/Migrator.php(442): Illuminate/Database/Migrations/Migrator->runMethod(Object(Illuminate/Database/MySqlConnection), Object(Illuminate/Database/Migrations/Migration@anonymous), 'up')
#9 C:/xampp_lite_8_5/apps/apache/htdocs/maintenance-backend/maintenance_backend/vendor/laravel/framework/src/Illuminate/Database/Migrations/Migrator.php(451): Illuminate/Database/Migrations/Migrator->Illuminate/Database/Migrations/{closure}()
#10 C:/xampp_lite_8_5/apps/apache/htdocs/maintenance-backend/maintenance_backend/vendor/laravel/framework/src/Illuminate/Database/Migrations/Migrator.php(253): Illuminate/Database/Migrations/Migrator->runMigration(Object(Illuminate/Database/Migrations/Migration@anonymous), 'up')
#11 C:/xampp_lite_8_5/apps/apache/htdocs/maintenance-backend/maintenance_backend/vendor/laravel/framework/src/Illuminate/Console/View/Components/Task.php(41): Illuminate/Database/Migrations/Migrator->Illuminate/Database/Migrations/{closure}()
#12 C:/xampp_lite_8_5/apps/apache/htdocs/maintenance-backend/maintenance_backend/vendor/laravel/framework/src/Illuminate/Database/Migrations/Migrator.php(814): Illuminate/Console/View/Components/Task->render('2026_09_22_0000...', Object(Closure))
#13 C:/xampp_lite_8_5/apps/apache/htdocs/maintenance-backend/maintenance_backend/vendor/laravel/framework/src/Illuminate/Database/Migrations/Migrator.php(253): Illuminate/Database/Migrations/Migrator->write('Illuminate//Cons...', '2026_09_22_0000...', Object(Closure))
#14 C:/xampp_lite_8_5/apps/apache/htdocs/maintenance-backend/maintenance_backend/vendor/laravel/framework/src/Illuminate/Database/Migrations/Migrator.php(211): Illuminate/Database/Migrations/Migrator->runUp('C://xampp_lite_8...', 5, false)
#15 C:/xampp_lite_8_5/apps/apache/htdocs/maintenance-backend/maintenance_backend/vendor/laravel/framework/src/Illuminate/Database/Migrations/Migrator.php(138): Illuminate/Database/Migrations/Migrator->runPending(Array, Array)
#16 C:/xampp_lite_8_5/apps/apache/htdocs/maintenance-backend/maintenance_backend/vendor/laravel/framework/src/Illuminate/Database/Console/Migrations/MigrateCommand.php(116): Illuminate/Database/Migrations/Migrator->run(Array, Array)
#17 C:/xampp_lite_8_5/apps/apache/htdocs/maintenance-backend/maintenance_backend/vendor/laravel/framework/src/Illuminate/Database/Migrations/Migrator.php(671): Illuminate/Database/Console/Migrations/MigrateCommand->Illuminate/Database/Console/Migrations/{closure}()
#18 C:/xampp_lite_8_5/apps/apache/htdocs/maintenance-backend/maintenance_backend/vendor/laravel/framework/src/Illuminate/Database/Console/Migrations/MigrateCommand.php(109): Illuminate/Database/Migrations/Migrator->usingConnection(NULL, Object(Closure))
#19 C:/xampp_lite_8_5/apps/apache/htdocs/maintenance-backend/maintenance_backend/vendor/laravel/framework/src/Illuminate/Database/Console/Migrations/MigrateCommand.php(88): Illuminate/Database/Console/Migrations/MigrateCommand->runMigrations()
#20 C:/xampp_lite_8_5/apps/apache/htdocs/maintenance-backend/maintenance_backend/vendor/laravel/framework/src/Illuminate/Container/BoundMethod.php(36): Illuminate/Database/Console/Migrations/MigrateCommand->handle()
#21 C:/xampp_lite_8_5/apps/apache/htdocs/maintenance-backend/maintenance_backend/vendor/laravel/framework/src/Illuminate/Container/Util.php(43): Illuminate/Container/BoundMethod::Illuminate/Container/{closure}()
#22 C:/xampp_lite_8_5/apps/apache/htdocs/maintenance-backend/maintenance_backend/vendor/laravel/framework/src/Illuminate/Container/BoundMethod.php(96): Illuminate/Container/Util::unwrapIfClosure(Object(Closure))
#23 C:/xampp_lite_8_5/apps/apache/htdocs/maintenance-backend/maintenance_backend/vendor/laravel/framework/src/Illuminate/Container/BoundMethod.php(35): Illuminate/Container/BoundMethod::callBoundMethod(Object(Illuminate/Foundation/Application), Array, Object(Closure))
#24 C:/xampp_lite_8_5/apps/apache/htdocs/maintenance-backend/maintenance_backend/vendor/laravel/framework/src/Illuminate/Container/Container.php(799): Illuminate/Container/BoundMethod::call(Object(Illuminate/Foundation/Application), Array, Array, NULL)
#25 C:/xampp_lite_8_5/apps/apache/htdocs/maintenance-backend/maintenance_backend/vendor/laravel/framework/src/Illuminate/Console/Command.php(211): Illuminate/Container/Container->call(Array)
#26 C:/xampp_lite_8_5/apps/apache/htdocs/maintenance-backend/maintenance_backend/vendor/symfony/console/Command/Command.php(341): Illuminate/Console/Command->execute(Object(Symfony/Component/Console/Input/ArgvInput), Object(Illuminate/Console/OutputStyle))
#27 C:/xampp_lite_8_5/apps/apache/htdocs/maintenance-backend/maintenance_backend/vendor/laravel/framework/src/Illuminate/Console/Command.php(180): Symfony/Component/Console/Command/Command->run(Object(Symfony/Component/Console/Input/ArgvInput), Object(Illuminate/Console/OutputStyle))
#28 C:/xampp_lite_8_5/apps/apache/htdocs/maintenance-backend/maintenance_backend/vendor/symfony/console/Application.php(1117): Illuminate/Console/Command->run(Object(Symfony/Component/Console/Input/ArgvInput), Object(Symfony/Component/Console/Output/ConsoleOutput))
#29 C:/xampp_lite_8_5/apps/apache/htdocs/maintenance-backend/maintenance_backend/vendor/symfony/console/Application.php(356): Symfony/Component/Console/Application->doRunCommand(Object(Illuminate/Database/Console/Migrations/MigrateCommand), Object(Symfony/Component/Console/Input/ArgvInput), Object(Symfony/Component/Console/Output/ConsoleOutput))
#30 C:/xampp_lite_8_5/apps/apache/htdocs/maintenance-backend/maintenance_backend/vendor/symfony/console/Application.php(195): Symfony/Component/Console/Application->doRun(Object(Symfony/Component/Console/Input/ArgvInput), Object(Symfony/Component/Console/Output/ConsoleOutput))
#31 C:/xampp_lite_8_5/apps/apache/htdocs/maintenance-backend/maintenance_backend/vendor/laravel/framework/src/Illuminate/Foundation/Console/Kernel.php(198): Symfony/Component/Console/Application->run(Object(Symfony/Component/Console/Input/ArgvInput), Object(Symfony/Component/Console/Output/ConsoleOutput))
#32 C:/xampp_lite_8_5/apps/apache/htdocs/maintenance-backend/maintenance_backend/vendor/laravel/framework/src/Illuminate/Foundation/Application.php(1235): Illuminate/Foundation/Console/Kernel->handle(Object(Symfony/Component/Console/Input/ArgvInput), Object(Symfony/Component/Console/Output/ConsoleOutput))
#33 C:/xampp_lite_8_5/apps/apache/htdocs/maintenance-backend/maintenance_backend/artisan(10): Illuminate/Foundation/Application->handleCommand(Object(Symfony/Component/Console/Input/ArgvInput))
#34 {main}

[previous exception] [object] (PDOException(code: 42000): SQLSTATE[42000]: Syntax error or access violation: 1059 Identifier name 'preventive_maintenance_checklists_vehicle_id_inspection_date_index' is too long at C:/xampp_lite_8_5/apps/apache/htdocs/maintenance-backend/maintenance_backend/vendor/laravel/framework/src/Illuminate/Database/Connection.php:584)
[stacktrace]
#0 C:/xampp_lite_8_5/apps/apache/htdocs/maintenance-backend/maintenance_backend/vendor/laravel/framework/src/Illuminate/Database/Connection.php(584): PDOStatement->execute()
#1 C:/xampp_lite_8_5/apps/apache/htdocs/maintenance-backend/maintenance_backend/vendor/laravel/framework/src/Illuminate/Database/Connection.php(827): Illuminate/Database/Connection->Illuminate/Database/{closure}('alter table `pr...', Array)
#2 C:/xampp_lite_8_5/apps/apache/htdocs/maintenance-backend/maintenance_backend/vendor/laravel/framework/src/Illuminate/Database/Connection.php(794): Illuminate/Database/Connection->runQueryCallback('alter table `pr...', Array, Object(Closure))
#3 C:/xampp_lite_8_5/apps/apache/htdocs/maintenance-backend/maintenance_backend/vendor/laravel/framework/src/Illuminate/Database/Connection.php(573): Illuminate/Database/Connection->run('alter table `pr...', Array, Object(Closure))
#4 C:/xampp_lite_8_5/apps/apache/htdocs/maintenance-backend/maintenance_backend/vendor/laravel/framework/src/Illuminate/Database/Schema/Blueprint.php(121): Illuminate/Database/Connection->statement('alter table `pr...')
#5 C:/xampp_lite_8_5/apps/apache/htdocs/maintenance-backend/maintenance_backend/vendor/laravel/framework/src/Illuminate/Database/Schema/Builder.php(686): Illuminate/Database/Schema/Blueprint->build()
#6 C:/xampp_lite_8_5/apps/apache/htdocs/maintenance-backend/maintenance_backend/vendor/laravel/framework/src/Illuminate/Database/Schema/Builder.php(506): Illuminate/Database/Schema/Builder->build(Object(Illuminate/Database/Schema/Blueprint))
#7 C:/xampp_lite_8_5/apps/apache/htdocs/maintenance-backend/maintenance_backend/vendor/laravel/framework/src/Illuminate/Support/Facades/Facade.php(363): Illuminate/Database/Schema/Builder->create('preventive_main...', Object(Closure))
#8 C:/xampp_lite_8_5/apps/apache/htdocs/maintenance-backend/maintenance_backend/database/migrations/2026_09_22_000003_create_preventive_maintenance_checklists_table.php(11): Illuminate/Support/Facades/Facade::__callStatic('create', Array)
#9 C:/xampp_lite_8_5/apps/apache/htdocs/maintenance-backend/maintenance_backend/vendor/laravel/framework/src/Illuminate/Database/Migrations/Migrator.php(517): Illuminate/Database/Migrations/Migration@anonymous->up()
#10 C:/xampp_lite_8_5/apps/apache/htdocs/maintenance-backend/maintenance_backend/vendor/laravel/framework/src/Illuminate/Database/Migrations/Migrator.php(442): Illuminate/Database/Migrations/Migrator->runMethod(Object(Illuminate/Database/MySqlConnection), Object(Illuminate/Database/Migrations/Migration@anonymous), 'up')
#11 C:/xampp_lite_8_5/apps/apache/htdocs/maintenance-backend/maintenance_backend/vendor/laravel/framework/src/Illuminate/Database/Migrations/Migrator.php(451): Illuminate/Database/Migrations/Migrator->Illuminate/Database/Migrations/{closure}()
#12 C:/xampp_lite_8_5/apps/apache/htdocs/maintenance-backend/maintenance_backend/vendor/laravel/framework/src/Illuminate/Database/Migrations/Migrator.php(253): Illuminate/Database/Migrations/Migrator->runMigration(Object(Illuminate/Database/Migrations/Migration@anonymous), 'up')
#13 C:/xampp_lite_8_5/apps/apache/htdocs/maintenance-backend/maintenance_backend/vendor/laravel/framework/src/Illuminate/Console/View/Components/Task.php(41): Illuminate/Database/Migrations/Migrator->Illuminate/Database/Migrations/{closure}()
#14 C:/xampp_lite_8_5/apps/apache/htdocs/maintenance-backend/maintenance_backend/vendor/laravel/framework/src/Illuminate/Database/Migrations/Migrator.php(814): Illuminate/Console/View/Components/Task->render('2026_09_22_0000...', Object(Closure))
#15 C:/xampp_lite_8_5/apps/apache/htdocs/maintenance-backend/maintenance_backend/vendor/laravel/framework/src/Illuminate/Database/Migrations/Migrator.php(253): Illuminate/Database/Migrations/Migrator->write('Illuminate//Cons...', '2026_09_22_0000...', Object(Closure))
#16 C:/xampp_lite_8_5/apps/apache/htdocs/maintenance-backend/maintenance_backend/vendor/laravel/framework/src/Illuminate/Database/Migrations/Migrator.php(211): Illuminate/Database/Migrations/Migrator->runUp('C://xampp_lite_8...', 5, false)
#17 C:/xampp_lite_8_5/apps/apache/htdocs/maintenance-backend/maintenance_backend/vendor/laravel/framework/src/Illuminate/Database/Migrations/Migrator.php(138): Illuminate/Database/Migrations/Migrator->runPending(Array, Array)
#18 C:/xampp_lite_8_5/apps/apache/htdocs/maintenance-backend/maintenance_backend/vendor/laravel/framework/src/Illuminate/Database/Console/Migrations/MigrateCommand.php(116): Illuminate/Database/Migrations/Migrator->run(Array, Array)
#19 C:/xampp_lite_8_5/apps/apache/htdocs/maintenance-backend/maintenance_backend/vendor/laravel/framework/src/Illuminate/Database/Migrations/Migrator.php(671): Illuminate/Database/Console/Migrations/MigrateCommand->Illuminate/Database/Console/Migrations/{closure}()
#20 C:/xampp_lite_8_5/apps/apache/htdocs/maintenance-backend/maintenance_backend/vendor/laravel/framework/src/Illuminate/Database/Console/Migrations/MigrateCommand.php(109): Illuminate/Database/Migrations/Migrator->usingConnection(NULL, Object(Closure))
#21 C:/xampp_lite_8_5/apps/apache/htdocs/maintenance-backend/maintenance_backend/vendor/laravel/framework/src/Illuminate/Database/Console/Migrations/MigrateCommand.php(88): Illuminate/Database/Console/Migrations/MigrateCommand->runMigrations()
#22 C:/xampp_lite_8_5/apps/apache/htdocs/maintenance-backend/maintenance_backend/vendor/laravel/framework/src/Illuminate/Container/BoundMethod.php(36): Illuminate/Database/Console/Migrations/MigrateCommand->handle()
#23 C:/xampp_lite_8_5/apps/apache/htdocs/maintenance-backend/maintenance_backend/vendor/laravel/framework/src/Illuminate/Container/Util.php(43): Illuminate/Container/BoundMethod::Illuminate/Container/{closure}()
#24 C:/xampp_lite_8_5/apps/apache/htdocs/maintenance-backend/maintenance_backend/vendor/laravel/framework/src/Illuminate/Container/BoundMethod.php(96): Illuminate/Container/Util::unwrapIfClosure(Object(Closure))
#25 C:/xampp_lite_8_5/apps/apache/htdocs/maintenance-backend/maintenance_backend/vendor/laravel/framework/src/Illuminate/Container/BoundMethod.php(35): Illuminate/Container/BoundMethod::callBoundMethod(Object(Illuminate/Foundation/Application), Array, Object(Closure))
#26 C:/xampp_lite_8_5/apps/apache/htdocs/maintenance-backend/maintenance_backend/vendor/laravel/framework/src/Illuminate/Container/Container.php(799): Illuminate/Container/BoundMethod::call(Object(Illuminate/Foundation/Application), Array, Array, NULL)
#27 C:/xampp_lite_8_5/apps/apache/htdocs/maintenance-backend/maintenance_backend/vendor/laravel/framework/src/Illuminate/Console/Command.php(211): Illuminate/Container/Container->call(Array)
#28 C:/xampp_lite_8_5/apps/apache/htdocs/maintenance-backend/maintenance_backend/vendor/symfony/console/Command/Command.php(341): Illuminate/Console/Command->execute(Object(Symfony/Component/Console/Input/ArgvInput), Object(Illuminate/Console/OutputStyle))
#29 C:/xampp_lite_8_5/apps/apache/htdocs/maintenance-backend/maintenance_backend/vendor/laravel/framework/src/Illuminate/Console/Command.php(180): Symfony/Component/Console/Command/Command->run(Object(Symfony/Component/Console/Input/ArgvInput), Object(Illuminate/Console/OutputStyle))
#30 C:/xampp_lite_8_5/apps/apache/htdocs/maintenance-backend/maintenance_backend/vendor/symfony/console/Application.php(1117): Illuminate/Console/Command->run(Object(Symfony/Component/Console/Input/ArgvInput), Object(Symfony/Component/Console/Output/ConsoleOutput))
#31 C:/xampp_lite_8_5/apps/apache/htdocs/maintenance-backend/maintenance_backend/vendor/symfony/console/Application.php(356): Symfony/Component/Console/Application->doRunCommand(Object(Illuminate/Database/Console/Migrations/MigrateCommand), Object(Symfony/Component/Console/Input/ArgvInput), Object(Symfony/Component/Console/Output/ConsoleOutput))
#32 C:/xampp_lite_8_5/apps/apache/htdocs/maintenance-backend/maintenance_backend/vendor/symfony/console/Application.php(195): Symfony/Component/Console/Application->doRun(Object(Symfony/Component/Console/Input/ArgvInput), Object(Symfony/Component/Console/Output/ConsoleOutput))
#33 C:/xampp_lite_8_5/apps/apache/htdocs/maintenance-backend/maintenance_backend/vendor/laravel/framework/src/Illuminate/Foundation/Console/Kernel.php(198): Symfony/Component/Console/Application->run(Object(Symfony/Component/Console/Input/ArgvInput), Object(Symfony/Component/Console/Output/ConsoleOutput))
#34 C:/xampp_lite_8_5/apps/apache/htdocs/maintenance-backend/maintenance_backend/vendor/laravel/framework/src/Illuminate/Foundation/Application.php(1235): Illuminate/Foundation/Console/Kernel->handle(Object(Symfony/Component/Console/Input/ArgvInput), Object(Symfony/Component/Console/Output/ConsoleOutput))
#35 C:/xampp_lite_8_5/apps/apache/htdocs/maintenance-backend/maintenance_backend/artisan(10): Illuminate/Foundation/Application->handleCommand(Object(Symfony/Component/Console/Input/ArgvInput))
#36 {main}
"} 
[2026-09-28 20:17:42] local.ERROR: Class "App\Http\Controllers\Controller" not found {"exception":"[object] (Error(code: 0): Class \"App\\Http\\Controllers\\Controller\" not found at C:/xampp_lite_8_5/apps/apache/htdocs/maintenance-backend/maintenance_backend/app/Http/Controllers/MaintenanceLogController.php:10)
[stacktrace]
#0 C:/xampp_lite_8_5/apps/apache/htdocs/maintenance-backend/maintenance_backend/vendor/composer/ClassLoader.php(576): include()
#1 C:/xampp_lite_8_5/apps/apache/htdocs/maintenance-backend/maintenance_backend/vendor/composer/ClassLoader.php(427): Composer/Autoload/{closure}('C://xampp_lite_8...')
#2 [internal function]: Composer/Autoload/ClassLoader->loadClass('App//Http//Contro...')
#3 C:/xampp_lite_8_5/apps/apache/htdocs/maintenance-backend/maintenance_backend/vendor/laravel/framework/src/Illuminate/Routing/Route.php(1125): is_a('App//Http//Contro...', 'Illuminate//Rout...', true)
#4 C:/xampp_lite_8_5/apps/apache/htdocs/maintenance-backend/maintenance_backend/vendor/laravel/framework/src/Illuminate/Routing/Route.php(1062): Illuminate/Routing/Route->controllerMiddleware()
#5 C:/xampp_lite_8_5/apps/apache/htdocs/maintenance-backend/maintenance_backend/vendor/laravel/framework/src/Illuminate/Routing/Router.php(834): Illuminate/Routing/Route->gatherMiddleware()
#6 C:/xampp_lite_8_5/apps/apache/htdocs/maintenance-backend/maintenance_backend/vendor/laravel/framework/src/Illuminate/Foundation/Console/RouteListCommand.php(212): Illuminate/Routing/Router->gatherRouteMiddleware(Object(Illuminate/Routing/Route))
#7 C:/xampp_lite_8_5/apps/apache/htdocs/maintenance-backend/maintenance_backend/vendor/laravel/framework/src/Illuminate/Foundation/Console/RouteListCommand.php(148): Illuminate/Foundation/Console/RouteListCommand->getMiddleware(Object(Illuminate/Routing/Route))
#8 C:/xampp_lite_8_5/apps/apache/htdocs/maintenance-backend/maintenance_backend/vendor/laravel/framework/src/Illuminate/Foundation/Console/RouteListCommand.php(117): Illuminate/Foundation/Console/RouteListCommand->getRouteInformation(Object(Illuminate/Routing/Route))
#9 [internal function]: Illuminate/Foundation/Console/RouteListCommand->Illuminate/Foundation/Console/{closure}(Object(Illuminate/Routing/Route), 1)
#10 C:/xampp_lite_8_5/apps/apache/htdocs/maintenance-backend/maintenance_backend/vendor/laravel/framework/src/Illuminate/Collections/Arr.php(841): array_map(Object(Closure), Array, Array)
#11 C:/xampp_lite_8_5/apps/apache/htdocs/maintenance-backend/maintenance_backend/vendor/laravel/framework/src/Illuminate/Collections/Collection.php(829): Illuminate/Support/Arr::map(Array, Object(Closure))
#12 C:/xampp_lite_8_5/apps/apache/htdocs/maintenance-backend/maintenance_backend/vendor/laravel/framework/src/Illuminate/Foundation/Console/RouteListCommand.php(117): Illuminate/Support/Collection->map(Object(Closure))
#13 C:/xampp_lite_8_5/apps/apache/htdocs/maintenance-backend/maintenance_backend/vendor/laravel/framework/src/Illuminate/Foundation/Console/RouteListCommand.php(102): Illuminate/Foundation/Console/RouteListCommand->getRoutes()
#14 C:/xampp_lite_8_5/apps/apache/htdocs/maintenance-backend/maintenance_backend/vendor/laravel/framework/src/Illuminate/Container/BoundMethod.php(36): Illuminate/Foundation/Console/RouteListCommand->handle()
#15 C:/xampp_lite_8_5/apps/apache/htdocs/maintenance-backend/maintenance_backend/vendor/laravel/framework/src/Illuminate/Container/Util.php(43): Illuminate/Container/BoundMethod::Illuminate/Container/{closure}()
#16 C:/xampp_lite_8_5/apps/apache/htdocs/maintenance-backend/maintenance_backend/vendor/laravel/framework/src/Illuminate/Container/BoundMethod.php(96): Illuminate/Container/Util::unwrapIfClosure(Object(Closure))
#17 C:/xampp_lite_8_5/apps/apache/htdocs/maintenance-backend/maintenance_backend/vendor/laravel/framework/src/Illuminate/Container/BoundMethod.php(35): Illuminate/Container/BoundMethod::callBoundMethod(Object(Illuminate/Foundation/Application), Array, Object(Closure))
#18 C:/xampp_lite_8_5/apps/apache/htdocs/maintenance-backend/maintenance_backend/vendor/laravel/framework/src/Illuminate/Container/Container.php(799): Illuminate/Container/BoundMethod::call(Object(Illuminate/Foundation/Application), Array, Array, NULL)
#19 C:/xampp_lite_8_5/apps/apache/htdocs/maintenance-backend/maintenance_backend/vendor/laravel/framework/src/Illuminate/Console/Command.php(211): Illuminate/Container/Container->call(Array)
#20 C:/xampp_lite_8_5/apps/apache/htdocs/maintenance-backend/maintenance_backend/vendor/symfony/console/Command/Command.php(341): Illuminate/Console/Command->execute(Object(Symfony/Component/Console/Input/ArgvInput), Object(Illuminate/Console/OutputStyle))
#21 C:/xampp_lite_8_5/apps/apache/htdocs/maintenance-backend/maintenance_backend/vendor/laravel/framework/src/Illuminate/Console/Command.php(180): Symfony/Component/Console/Command/Command->run(Object(Symfony/Component/Console/Input/ArgvInput), Object(Illuminate/Console/OutputStyle))
#22 C:/xampp_lite_8_5/apps/apache/htdocs/maintenance-backend/maintenance_backend/vendor/symfony/console/Application.php(1117): Illuminate/Console/Command->run(Object(Symfony/Component/Console/Input/ArgvInput), Object(Symfony/Component/Console/Output/ConsoleOutput))
#23 C:/xampp_lite_8_5/apps/apache/htdocs/maintenance-backend/maintenance_backend/vendor/symfony/console/Application.php(356): Symfony/Component/Console/Application->doRunCommand(Object(Illuminate/Foundation/Console/RouteListCommand), Object(Symfony/Component/Console/Input/ArgvInput), Object(Symfony/Component/Console/Output/ConsoleOutput))
#24 C:/xampp_lite_8_5/apps/apache/htdocs/maintenance-backend/maintenance_backend/vendor/symfony/console/Application.php(195): Symfony/Component/Console/Application->doRun(Object(Symfony/Component/Console/Input/ArgvInput), Object(Symfony/Component/Console/Output/ConsoleOutput))
#25 C:/xampp_lite_8_5/apps/apache/htdocs/maintenance-backend/maintenance_backend/vendor/laravel/framework/src/Illuminate/Foundation/Console/Kernel.php(198): Symfony/Component/Console/Application->run(Object(Symfony/Component/Console/Input/ArgvInput), Object(Symfony/Component/Console/Output/ConsoleOutput))
#26 C:/xampp_lite_8_5/apps/apache/htdocs/maintenance-backend/maintenance_backend/vendor/laravel/framework/src/Illuminate/Foundation/Application.php(1235): Illuminate/Foundation/Console/Kernel->handle(Object(Symfony/Component/Console/Input/ArgvInput), Object(Symfony/Component/Console/Output/ConsoleOutput))
#27 C:/xampp_lite_8_5/apps/apache/htdocs/maintenance-backend/maintenance_backend/artisan(10): Illuminate/Foundation/Application->handleCommand(Object(Symfony/Component/Console/Input/ArgvInput))
#28 {main}
"} 
[2026-09-28 20:45:13] local.ERROR: No application encryption key has been specified. {"exception":"[object] (Illuminate\\Encryption\\MissingAppKeyException(code: 0): No application encryption key has been specified. at C:/xampp_lite_8_5/apps/apache/htdocs/maintenance-backend/maintenance_backend/vendor/laravel/framework/src/Illuminate/Encryption/EncryptionServiceProvider.php:83)
[stacktrace]
#0 C:/xampp_lite_8_5/apps/apache/htdocs/maintenance-backend/maintenance_backend/vendor/laravel/framework/src/Illuminate/Support/helpers.php(393): Illuminate/Encryption/EncryptionServiceProvider->Illuminate/Encryption/{closure}('')
#1 C:/xampp_lite_8_5/apps/apache/htdocs/maintenance-backend/maintenance_backend/vendor/laravel/framework/src/Illuminate/Encryption/EncryptionServiceProvider.php(81): tap('', Object(Closure))
#2 C:/xampp_lite_8_5/apps/apache/htdocs/maintenance-backend/maintenance_backend/vendor/laravel/framework/src/Illuminate/Encryption/EncryptionServiceProvider.php(64): Illuminate/Encryption/EncryptionServiceProvider->key(Array)
#3 C:/xampp_lite_8_5/apps/apache/htdocs/maintenance-backend/maintenance_backend/vendor/laravel/framework/src/Illuminate/Encryption/EncryptionServiceProvider.php(32): Illuminate/Encryption/EncryptionServiceProvider->parseKey(Array)
#4 C:/xampp_lite_8_5/apps/apache/htdocs/maintenance-backend/maintenance_backend/vendor/laravel/framework/src/Illuminate/Container/Container.php(1115): Illuminate/Encryption/EncryptionServiceProvider->Illuminate/Encryption/{closure}(Object(Illuminate/Foundation/Application), Array)
#5 C:/xampp_lite_8_5/apps/apache/htdocs/maintenance-backend/maintenance_backend/vendor/laravel/framework/src/Illuminate/Container/Container.php(933): Illuminate/Container/Container->build(Object(Closure))
#6 C:/xampp_lite_8_5/apps/apache/htdocs/maintenance-backend/maintenance_backend/vendor/laravel/framework/src/Illuminate/Foundation/Application.php(1078): Illuminate/Container/Container->resolve('encrypter', Array, true)
#7 C:/xampp_lite_8_5/apps/apache/htdocs/maintenance-backend/maintenance_backend/vendor/laravel/framework/src/Illuminate/Container/Container.php(864): Illuminate/Foundation/Application->resolve('encrypter', Array)
#8 C:/xampp_lite_8_5/apps/apache/htdocs/maintenance-backend/maintenance_backend/vendor/laravel/framework/src/Illuminate/Foundation/Application.php(1058): Illuminate/Container/Container->make('encrypter', Array)
#9 C:/xampp_lite_8_5/apps/apache/htdocs/maintenance-backend/maintenance_backend/vendor/laravel/framework/src/Illuminate/Container/Container.php(1336): Illuminate/Foundation/Application->make('encrypter')
#10 C:/xampp_lite_8_5/apps/apache/htdocs/maintenance-backend/maintenance_backend/vendor/laravel/framework/src/Illuminate/Container/Container.php(1237): Illuminate/Container/Container->resolveClass(Object(ReflectionParameter), 'Illuminate//Cont...')
#11 C:/xampp_lite_8_5/apps/apache/htdocs/maintenance-backend/maintenance_backend/vendor/laravel/framework/src/Illuminate/Container/Container.php(1162): Illuminate/Container/Container->resolveDependencies(Array)
#12 C:/xampp_lite_8_5/apps/apache/htdocs/maintenance-backend/maintenance_backend/vendor/laravel/framework/src/Illuminate/Container/Container.php(933): Illuminate/Container/Container->build('Illuminate//Cook...')
#13 C:/xampp_lite_8_5/apps/apache/htdocs/maintenance-backend/maintenance_backend/vendor/laravel/framework/src/Illuminate/Foundation/Application.php(1078): Illuminate/Container/Container->resolve('Illuminate//Cook...', Array, true)
#14 C:/xampp_lite_8_5/apps/apache/htdocs/maintenance-backend/maintenance_backend/vendor/laravel/framework/src/Illuminate/Container/Container.php(864): Illuminate/Foundation/Application->resolve('Illuminate//Cook...', Array)
#15 C:/xampp_lite_8_5/apps/apache/htdocs/maintenance-backend/maintenance_backend/vendor/laravel/framework/src/Illuminate/Foundation/Application.php(1058): Illuminate/Container/Container->make('Illuminate//Cook...', Array)
#16 C:/xampp_lite_8_5/apps/apache/htdocs/maintenance-backend/maintenance_backend/vendor/laravel/framework/src/Illuminate/Pipeline/Pipeline.php(208): Illuminate/Foundation/Application->make('Illuminate//Cook...')
#17 C:/xampp_lite_8_5/apps/apache/htdocs/maintenance-backend/maintenance_backend/vendor/laravel/framework/src/Illuminate/Pipeline/Pipeline.php(137): Illuminate/Pipeline/Pipeline->Illuminate/Pipeline/{closure}(Object(Illuminate/Http/Request))
#18 C:/xampp_lite_8_5/apps/apache/htdocs/maintenance-backend/maintenance_backend/vendor/laravel/framework/src/Illuminate/Routing/Router.php(821): Illuminate/Pipeline/Pipeline->then(Object(Closure))
#19 C:/xampp_lite_8_5/apps/apache/htdocs/maintenance-backend/maintenance_backend/vendor/laravel/framework/src/Illuminate/Routing/Router.php(800): Illuminate/Routing/Router->runRouteWithinStack(Object(Illuminate/Routing/Route), Object(Illuminate/Http/Request))
#20 C:/xampp_lite_8_5/apps/apache/htdocs/maintenance-backend/maintenance_backend/vendor/laravel/framework/src/Illuminate/Routing/Router.php(764): Illuminate/Routing/Router->runRoute(Object(Illuminate/Http/Request), Object(Illuminate/Routing/Route))
#21 C:/xampp_lite_8_5/apps/apache/htdocs/maintenance-backend/maintenance_backend/vendor/laravel/framework/src/Illuminate/Routing/Router.php(753): Illuminate/Routing/Router->dispatchToRoute(Object(Illuminate/Http/Request))
#22 C:/xampp_lite_8_5/apps/apache/htdocs/maintenance-backend/maintenance_backend/vendor/laravel/framework/src/Illuminate/Foundation/Http/Kernel.php(200): Illuminate/Routing/Router->dispatch(Object(Illuminate/Http/Request))
#23 C:/xampp_lite_8_5/apps/apache/htdocs/maintenance-backend/maintenance_backend/vendor/laravel/framework/src/Illuminate/Pipeline/Pipeline.php(180): Illuminate/Foundation/Http/Kernel->Illuminate/Foundation/Http/{closure}(Object(Illuminate/Http/Request))
#24 C:/xampp_lite_8_5/apps/apache/htdocs/maintenance-backend/maintenance_backend/vendor/laravel/framework/src/Illuminate/Foundation/Http/Middleware/TransformsRequest.php(21): Illuminate/Pipeline/Pipeline->Illuminate/Pipeline/{closure}(Object(Illuminate/Http/Request))
#25 C:/xampp_lite_8_5/apps/apache/htdocs/maintenance-backend/maintenance_backend/vendor/laravel/framework/src/Illuminate/Foundation/Http/Middleware/ConvertEmptyStringsToNull.php(31): Illuminate/Foundation/Http/Middleware/TransformsRequest->handle(Object(Illuminate/Http/Request), Object(Closure))
#26 C:/xampp_lite_8_5/apps/apache/htdocs/maintenance-backend/maintenance_backend/vendor/laravel/framework/src/Illuminate/Pipeline/Pipeline.php(219): Illuminate/Foundation/Http/Middleware/ConvertEmptyStringsToNull->handle(Object(Illuminate/Http/Request), Object(Closure))
#27 C:/xampp_lite_8_5/apps/apache/htdocs/maintenance-backend/maintenance_backend/vendor/laravel/framework/src/Illuminate/Foundation/Http/Middleware/TransformsRequest.php(21): Illuminate/Pipeline/Pipeline->Illuminate/Pipeline/{closure}(Object(Illuminate/Http/Request))
#28 C:/xampp_lite_8_5/apps/apache/htdocs/maintenance-backend/maintenance_backend/vendor/laravel/framework/src/Illuminate/Foundation/Http/Middleware/TrimStrings.php(51): Illuminate/Foundation/Http/Middleware/TransformsRequest->handle(Object(Illuminate/Http/Request), Object(Closure))
#29 C:/xampp_lite_8_5/apps/apache/htdocs/maintenance-backend/maintenance_backend/vendor/laravel/framework/src/Illuminate/Pipeline/Pipeline.php(219): Illuminate/Foundation/Http/Middleware/TrimStrings->handle(Object(Illuminate/Http/Request), Object(Closure))
#30 C:/xampp_lite_8_5/apps/apache/htdocs/maintenance-backend/maintenance_backend/vendor/laravel/framework/src/Illuminate/Http/Middleware/ValidatePostSize.php(27): Illuminate/Pipeline/Pipeline->Illuminate/Pipeline/{closure}(Object(Illuminate/Http/Request))
#31 C:/xampp_lite_8_5/apps/apache/htdocs/maintenance-backend/maintenance_backend/vendor/laravel/framework/src/Illuminate/Pipeline/Pipeline.php(219): Illuminate/Http/Middleware/ValidatePostSize->handle(Object(Illuminate/Http/Request), Object(Closure))
#32 C:/xampp_lite_8_5/apps/apache/htdocs/maintenance-backend/maintenance_backend/vendor/laravel/framework/src/Illuminate/Foundation/Http/Middleware/PreventRequestsDuringMaintenance.php(109): Illuminate/Pipeline/Pipeline->Illuminate/Pipeline/{closure}(Object(Illuminate/Http/Request))
#33 C:/xampp_lite_8_5/apps/apache/htdocs/maintenance-backend/maintenance_backend/vendor/laravel/framework/src/Illuminate/Pipeline/Pipeline.php(219): Illuminate/Foundation/Http/Middleware/PreventRequestsDuringMaintenance->handle(Object(Illuminate/Http/Request), Object(Closure))
#34 C:/xampp_lite_8_5/apps/apache/htdocs/maintenance-backend/maintenance_backend/vendor/laravel/framework/src/Illuminate/Http/Middleware/HandleCors.php(61): Illuminate/Pipeline/Pipeline->Illuminate/Pipeline/{closure}(Object(Illuminate/Http/Request))
#35 C:/xampp_lite_8_5/apps/apache/htdocs/maintenance-backend/maintenance_backend/vendor/laravel/framework/src/Illuminate/Pipeline/Pipeline.php(219): Illuminate/Http/Middleware/HandleCors->handle(Object(Illuminate/Http/Request), Object(Closure))
#36 C:/xampp_lite_8_5/apps/apache/htdocs/maintenance-backend/maintenance_backend/vendor/laravel/framework/src/Illuminate/Http/Middleware/TrustProxies.php(58): Illuminate/Pipeline/Pipeline->Illuminate/Pipeline/{closure}(Object(Illuminate/Http/Request))
#37 C:/xampp_lite_8_5/apps/apache/htdocs/maintenance-backend/maintenance_backend/vendor/laravel/framework/src/Illuminate/Pipeline/Pipeline.php(219): Illuminate/Http/Middleware/TrustProxies->handle(Object(Illuminate/Http/Request), Object(Closure))
#38 C:/xampp_lite_8_5/apps/apache/htdocs/maintenance-backend/maintenance_backend/vendor/laravel/framework/src/Illuminate/Foundation/Http/Middleware/InvokeDeferredCallbacks.php(22): Illuminate/Pipeline/Pipeline->Illuminate/Pipeline/{closure}(Object(Illuminate/Http/Request))
#39 C:/xampp_lite_8_5/apps/apache/htdocs/maintenance-backend/maintenance_backend/vendor/laravel/framework/src/Illuminate/Pipeline/Pipeline.php(219): Illuminate/Foundation/Http/Middleware/InvokeDeferredCallbacks->handle(Object(Illuminate/Http/Request), Object(Closure))
#40 C:/xampp_lite_8_5/apps/apache/htdocs/maintenance-backend/maintenance_backend/vendor/laravel/framework/src/Illuminate/Http/Middleware/ValidatePathEncoding.php(26): Illuminate/Pipeline/Pipeline->Illuminate/Pipeline/{closure}(Object(Illuminate/Http/Request))
#41 C:/xampp_lite_8_5/apps/apache/htdocs/maintenance-backend/maintenance_backend/vendor/laravel/framework/src/Illuminate/Pipeline/Pipeline.php(219): Illuminate/Http/Middleware/ValidatePathEncoding->handle(Object(Illuminate/Http/Request), Object(Closure))
#42 C:/xampp_lite_8_5/apps/apache/htdocs/maintenance-backend/maintenance_backend/vendor/laravel/framework/src/Illuminate/Pipeline/Pipeline.php(137): Illuminate/Pipeline/Pipeline->Illuminate/Pipeline/{closure}(Object(Illuminate/Http/Request))
#43 C:/xampp_lite_8_5/apps/apache/htdocs/maintenance-backend/maintenance_backend/vendor/laravel/framework/src/Illuminate/Foundation/Http/Kernel.php(175): Illuminate/Pipeline/Pipeline->then(Object(Closure))
#44 C:/xampp_lite_8_5/apps/apache/htdocs/maintenance-backend/maintenance_backend/vendor/laravel/framework/src/Illuminate/Foundation/Http/Kernel.php(144): Illuminate/Foundation/Http/Kernel->sendRequestThroughRouter(Object(Illuminate/Http/Request))
#45 C:/xampp_lite_8_5/apps/apache/htdocs/maintenance-backend/maintenance_backend/vendor/laravel/framework/src/Illuminate/Foundation/Application.php(1220): Illuminate/Foundation/Http/Kernel->handle(Object(Illuminate/Http/Request))
#46 C:/xampp_lite_8_5/apps/apache/htdocs/maintenance-backend/maintenance_backend/public/index.php(17): Illuminate/Foundation/Application->handleRequest(Object(Illuminate/Http/Request))
#47 C:/xampp_lite_8_5/apps/apache/htdocs/maintenance-backend/maintenance_backend/vendor/laravel/framework/src/Illuminate/Foundation/resources/server.php(23): require_once('C://xampp_lite_8...')
#48 {main}
"} 
[2026-09-28 20:45:14] local.ERROR: No application encryption key has been specified. {"exception":"[object] (Illuminate\\Encryption\\MissingAppKeyException(code: 0): No application encryption key has been specified. at C:/xampp_lite_8_5/apps/apache/htdocs/maintenance-backend/maintenance_backend/vendor/laravel/framework/src/Illuminate/Encryption/EncryptionServiceProvider.php:83)
[stacktrace]
#0 C:/xampp_lite_8_5/apps/apache/htdocs/maintenance-backend/maintenance_backend/vendor/laravel/framework/src/Illuminate/Support/helpers.php(393): Illuminate/Encryption/EncryptionServiceProvider->Illuminate/Encryption/{closure}('')
#1 C:/xampp_lite_8_5/apps/apache/htdocs/maintenance-backend/maintenance_backend/vendor/laravel/framework/src/Illuminate/Encryption/EncryptionServiceProvider.php(81): tap('', Object(Closure))
#2 C:/xampp_lite_8_5/apps/apache/htdocs/maintenance-backend/maintenance_backend/vendor/laravel/framework/src/Illuminate/Encryption/EncryptionServiceProvider.php(64): Illuminate/Encryption/EncryptionServiceProvider->key(Array)
#3 C:/xampp_lite_8_5/apps/apache/htdocs/maintenance-backend/maintenance_backend/vendor/laravel/framework/src/Illuminate/Encryption/EncryptionServiceProvider.php(32): Illuminate/Encryption/EncryptionServiceProvider->parseKey(Array)
#4 C:/xampp_lite_8_5/apps/apache/htdocs/maintenance-backend/maintenance_backend/vendor/laravel/framework/src/Illuminate/Container/Container.php(1115): Illuminate/Encryption/EncryptionServiceProvider->Illuminate/Encryption/{closure}(Object(Illuminate/Foundation/Application), Array)
#5 C:/xampp_lite_8_5/apps/apache/htdocs/maintenance-backend/maintenance_backend/vendor/laravel/framework/src/Illuminate/Container/Container.php(933): Illuminate/Container/Container->build(Object(Closure))
#6 C:/xampp_lite_8_5/apps/apache/htdocs/maintenance-backend/maintenance_backend/vendor/laravel/framework/src/Illuminate/Foundation/Application.php(1078): Illuminate/Container/Container->resolve('encrypter', Array, true)
#7 C:/xampp_lite_8_5/apps/apache/htdocs/maintenance-backend/maintenance_backend/vendor/laravel/framework/src/Illuminate/Container/Container.php(864): Illuminate/Foundation/Application->resolve('encrypter', Array)
#8 C:/xampp_lite_8_5/apps/apache/htdocs/maintenance-backend/maintenance_backend/vendor/laravel/framework/src/Illuminate/Foundation/Application.php(1058): Illuminate/Container/Container->make('encrypter', Array)
#9 C:/xampp_lite_8_5/apps/apache/htdocs/maintenance-backend/maintenance_backend/vendor/laravel/framework/src/Illuminate/Container/Container.php(1336): Illuminate/Foundation/Application->make('encrypter')
#10 C:/xampp_lite_8_5/apps/apache/htdocs/maintenance-backend/maintenance_backend/vendor/laravel/framework/src/Illuminate/Container/Container.php(1237): Illuminate/Container/Container->resolveClass(Object(ReflectionParameter), 'Illuminate//Cont...')
#11 C:/xampp_lite_8_5/apps/apache/htdocs/maintenance-backend/maintenance_backend/vendor/laravel/framework/src/Illuminate/Container/Container.php(1162): Illuminate/Container/Container->resolveDependencies(Array)
#12 C:/xampp_lite_8_5/apps/apache/htdocs/maintenance-backend/maintenance_backend/vendor/laravel/framework/src/Illuminate/Container/Container.php(933): Illuminate/Container/Container->build('Illuminate//Cook...')
#13 C:/xampp_lite_8_5/apps/apache/htdocs/maintenance-backend/maintenance_backend/vendor/laravel/framework/src/Illuminate/Foundation/Application.php(1078): Illuminate/Container/Container->resolve('Illuminate//Cook...', Array, true)
#14 C:/xampp_lite_8_5/apps/apache/htdocs/maintenance-backend/maintenance_backend/vendor/laravel/framework/src/Illuminate/Container/Container.php(864): Illuminate/Foundation/Application->resolve('Illuminate//Cook...', Array)
#15 C:/xampp_lite_8_5/apps/apache/htdocs/maintenance-backend/maintenance_backend/vendor/laravel/framework/src/Illuminate/Foundation/Application.php(1058): Illuminate/Container/Container->make('Illuminate//Cook...', Array)
#16 C:/xampp_lite_8_5/apps/apache/htdocs/maintenance-backend/maintenance_backend/vendor/laravel/framework/src/Illuminate/Foundation/Http/Kernel.php(257): Illuminate/Foundation/Application->make('Illuminate//Cook...')
#17 C:/xampp_lite_8_5/apps/apache/htdocs/maintenance-backend/maintenance_backend/vendor/laravel/framework/src/Illuminate/Foundation/Http/Kernel.php(215): Illuminate/Foundation/Http/Kernel->terminateMiddleware(Object(Illuminate/Http/Request), Object(Illuminate/Http/Response))
#18 C:/xampp_lite_8_5/apps/apache/htdocs/maintenance-backend/maintenance_backend/vendor/laravel/framework/src/Illuminate/Foundation/Application.php(1222): Illuminate/Foundation/Http/Kernel->terminate(Object(Illuminate/Http/Request), Object(Illuminate/Http/Response))
#19 C:/xampp_lite_8_5/apps/apache/htdocs/maintenance-backend/maintenance_backend/public/index.php(17): Illuminate/Foundation/Application->handleRequest(Object(Illuminate/Http/Request))
#20 C:/xampp_lite_8_5/apps/apache/htdocs/maintenance-backend/maintenance_backend/vendor/laravel/framework/src/Illuminate/Foundation/resources/server.php(23): require_once('C://xampp_lite_8...')
#21 {main}
"} 
[2026-09-28 21:03:04] local.ERROR: Command "tinker" is not defined. {"exception":"[object] (Symfony\\Component\\Console\\Exception\\CommandNotFoundException(code: 0): Command \"tinker\" is not defined. at C:/xampp_lite_8_5/apps/apache/htdocs/maintenance-backend/maintenance_backend/vendor/symfony/console/Application.php:759)
[stacktrace]
#0 C:/xampp_lite_8_5/apps/apache/htdocs/maintenance-backend/maintenance_backend/vendor/symfony/console/Application.php(298): Symfony/Component/Console/Application->find('tinker')
#1 C:/xampp_lite_8_5/apps/apache/htdocs/maintenance-backend/maintenance_backend/vendor/symfony/console/Application.php(195): Symfony/Component/Console/Application->doRun(Object(Symfony/Component/Console/Input/ArgvInput), Object(Symfony/Component/Console/Output/ConsoleOutput))
#2 C:/xampp_lite_8_5/apps/apache/htdocs/maintenance-backend/maintenance_backend/vendor/laravel/framework/src/Illuminate/Foundation/Console/Kernel.php(198): Symfony/Component/Console/Application->run(Object(Symfony/Component/Console/Input/ArgvInput), Object(Symfony/Component/Console/Output/ConsoleOutput))
#3 C:/xampp_lite_8_5/apps/apache/htdocs/maintenance-backend/maintenance_backend/vendor/laravel/framework/src/Illuminate/Foundation/Application.php(1235): Illuminate/Foundation/Console/Kernel->handle(Object(Symfony/Component/Console/Input/ArgvInput), Object(Symfony/Component/Console/Output/ConsoleOutput))
#4 C:/xampp_lite_8_5/apps/apache/htdocs/maintenance-backend/maintenance_backend/artisan(10): Illuminate/Foundation/Application->handleCommand(Object(Symfony/Component/Console/Input/ArgvInput))
#5 {main}
"} 
[2026-09-28 21:22:54] local.ERROR: No application encryption key has been specified. {"exception":"[object] (Illuminate\\Encryption\\MissingAppKeyException(code: 0): No application encryption key has been specified. at C:/xampp_lite_8_5/apps/apache/htdocs/maintenance-backend/maintenance_backend/vendor/laravel/framework/src/Illuminate/Encryption/EncryptionServiceProvider.php:83)
[stacktrace]
#0 C:/xampp_lite_8_5/apps/apache/htdocs/maintenance-backend/maintenance_backend/vendor/laravel/framework/src/Illuminate/Support/helpers.php(393): Illuminate/Encryption/EncryptionServiceProvider->Illuminate/Encryption/{closure}('')
#1 C:/xampp_lite_8_5/apps/apache/htdocs/maintenance-backend/maintenance_backend/vendor/laravel/framework/src/Illuminate/Encryption/EncryptionServiceProvider.php(81): tap('', Object(Closure))
#2 C:/xampp_lite_8_5/apps/apache/htdocs/maintenance-backend/maintenance_backend/vendor/laravel/framework/src/Illuminate/Encryption/EncryptionServiceProvider.php(64): Illuminate/Encryption/EncryptionServiceProvider->key(Array)
#3 C:/xampp_lite_8_5/apps/apache/htdocs/maintenance-backend/maintenance_backend/vendor/laravel/framework/src/Illuminate/Encryption/EncryptionServiceProvider.php(32): Illuminate/Encryption/EncryptionServiceProvider->parseKey(Array)
#4 C:/xampp_lite_8_5/apps/apache/htdocs/maintenance-backend/maintenance_backend/vendor/laravel/framework/src/Illuminate/Container/Container.php(1115): Illuminate/Encryption/EncryptionServiceProvider->Illuminate/Encryption/{closure}(Object(Illuminate/Foundation/Application), Array)
#5 C:/xampp_lite_8_5/apps/apache/htdocs/maintenance-backend/maintenance_backend/vendor/laravel/framework/src/Illuminate/Container/Container.php(933): Illuminate/Container/Container->build(Object(Closure))
#6 C:/xampp_lite_8_5/apps/apache/htdocs/maintenance-backend/maintenance_backend/vendor/laravel/framework/src/Illuminate/Foundation/Application.php(1078): Illuminate/Container/Container->resolve('encrypter', Array, true)
#7 C:/xampp_lite_8_5/apps/apache/htdocs/maintenance-backend/maintenance_backend/vendor/laravel/framework/src/Illuminate/Container/Container.php(864): Illuminate/Foundation/Application->resolve('encrypter', Array)
#8 C:/xampp_lite_8_5/apps/apache/htdocs/maintenance-backend/maintenance_backend/vendor/laravel/framework/src/Illuminate/Foundation/Application.php(1058): Illuminate/Container/Container->make('encrypter', Array)
#9 C:/xampp_lite_8_5/apps/apache/htdocs/maintenance-backend/maintenance_backend/vendor/laravel/framework/src/Illuminate/Container/Container.php(1336): Illuminate/Foundation/Application->make('encrypter')
#10 C:/xampp_lite_8_5/apps/apache/htdocs/maintenance-backend/maintenance_backend/vendor/laravel/framework/src/Illuminate/Container/Container.php(1237): Illuminate/Container/Container->resolveClass(Object(ReflectionParameter), 'Illuminate//Cont...')
#11 C:/xampp_lite_8_5/apps/apache/htdocs/maintenance-backend/maintenance_backend/vendor/laravel/framework/src/Illuminate/Container/Container.php(1162): Illuminate/Container/Container->resolveDependencies(Array)
#12 C:/xampp_lite_8_5/apps/apache/htdocs/maintenance-backend/maintenance_backend/vendor/laravel/framework/src/Illuminate/Container/Container.php(933): Illuminate/Container/Container->build('Illuminate//Cook...')
#13 C:/xampp_lite_8_5/apps/apache/htdocs/maintenance-backend/maintenance_backend/vendor/laravel/framework/src/Illuminate/Foundation/Application.php(1078): Illuminate/Container/Container->resolve('Illuminate//Cook...', Array, true)
#14 C:/xampp_lite_8_5/apps/apache/htdocs/maintenance-backend/maintenance_backend/vendor/laravel/framework/src/Illuminate/Container/Container.php(864): Illuminate/Foundation/Application->resolve('Illuminate//Cook...', Array)
#15 C:/xampp_lite_8_5/apps/apache/htdocs/maintenance-backend/maintenance_backend/vendor/laravel/framework/src/Illuminate/Foundation/Application.php(1058): Illuminate/Container/Container->make('Illuminate//Cook...', Array)
#16 C:/xampp_lite_8_5/apps/apache/htdocs/maintenance-backend/maintenance_backend/vendor/laravel/framework/src/Illuminate/Pipeline/Pipeline.php(208): Illuminate/Foundation/Application->make('Illuminate//Cook...')
#17 C:/xampp_lite_8_5/apps/apache/htdocs/maintenance-backend/maintenance_backend/vendor/laravel/framework/src/Illuminate/Pipeline/Pipeline.php(137): Illuminate/Pipeline/Pipeline->Illuminate/Pipeline/{closure}(Object(Illuminate/Http/Request))
#18 C:/xampp_lite_8_5/apps/apache/htdocs/maintenance-backend/maintenance_backend/vendor/laravel/framework/src/Illuminate/Routing/Router.php(821): Illuminate/Pipeline/Pipeline->then(Object(Closure))
#19 C:/xampp_lite_8_5/apps/apache/htdocs/maintenance-backend/maintenance_backend/vendor/laravel/framework/src/Illuminate/Routing/Router.php(800): Illuminate/Routing/Router->runRouteWithinStack(Object(Illuminate/Routing/Route), Object(Illuminate/Http/Request))
#20 C:/xampp_lite_8_5/apps/apache/htdocs/maintenance-backend/maintenance_backend/vendor/laravel/framework/src/Illuminate/Routing/Router.php(764): Illuminate/Routing/Router->runRoute(Object(Illuminate/Http/Request), Object(Illuminate/Routing/Route))
#21 C:/xampp_lite_8_5/apps/apache/htdocs/maintenance-backend/maintenance_backend/vendor/laravel/framework/src/Illuminate/Routing/Router.php(753): Illuminate/Routing/Router->dispatchToRoute(Object(Illuminate/Http/Request))
#22 C:/xampp_lite_8_5/apps/apache/htdocs/maintenance-backend/maintenance_backend/vendor/laravel/framework/src/Illuminate/Foundation/Http/Kernel.php(200): Illuminate/Routing/Router->dispatch(Object(Illuminate/Http/Request))
#23 C:/xampp_lite_8_5/apps/apache/htdocs/maintenance-backend/maintenance_backend/vendor/laravel/framework/src/Illuminate/Pipeline/Pipeline.php(180): Illuminate/Foundation/Http/Kernel->Illuminate/Foundation/Http/{closure}(Object(Illuminate/Http/Request))
#24 C:/xampp_lite_8_5/apps/apache/htdocs/maintenance-backend/maintenance_backend/vendor/laravel/framework/src/Illuminate/Foundation/Http/Middleware/TransformsRequest.php(21): Illuminate/Pipeline/Pipeline->Illuminate/Pipeline/{closure}(Object(Illuminate/Http/Request))
#25 C:/xampp_lite_8_5/apps/apache/htdocs/maintenance-backend/maintenance_backend/vendor/laravel/framework/src/Illuminate/Foundation/Http/Middleware/ConvertEmptyStringsToNull.php(31): Illuminate/Foundation/Http/Middleware/TransformsRequest->handle(Object(Illuminate/Http/Request), Object(Closure))
#26 C:/xampp_lite_8_5/apps/apache/htdocs/maintenance-backend/maintenance_backend/vendor/laravel/framework/src/Illuminate/Pipeline/Pipeline.php(219): Illuminate/Foundation/Http/Middleware/ConvertEmptyStringsToNull->handle(Object(Illuminate/Http/Request), Object(Closure))
#27 C:/xampp_lite_8_5/apps/apache/htdocs/maintenance-backend/maintenance_backend/vendor/laravel/framework/src/Illuminate/Foundation/Http/Middleware/TransformsRequest.php(21): Illuminate/Pipeline/Pipeline->Illuminate/Pipeline/{closure}(Object(Illuminate/Http/Request))
#28 C:/xampp_lite_8_5/apps/apache/htdocs/maintenance-backend/maintenance_backend/vendor/laravel/framework/src/Illuminate/Foundation/Http/Middleware/TrimStrings.php(51): Illuminate/Foundation/Http/Middleware/TransformsRequest->handle(Object(Illuminate/Http/Request), Object(Closure))
#29 C:/xampp_lite_8_5/apps/apache/htdocs/maintenance-backend/maintenance_backend/vendor/laravel/framework/src/Illuminate/Pipeline/Pipeline.php(219): Illuminate/Foundation/Http/Middleware/TrimStrings->handle(Object(Illuminate/Http/Request), Object(Closure))
#30 C:/xampp_lite_8_5/apps/apache/htdocs/maintenance-backend/maintenance_backend/vendor/laravel/framework/src/Illuminate/Http/Middleware/ValidatePostSize.php(27): Illuminate/Pipeline/Pipeline->Illuminate/Pipeline/{closure}(Object(Illuminate/Http/Request))
#31 C:/xampp_lite_8_5/apps/apache/htdocs/maintenance-backend/maintenance_backend/vendor/laravel/framework/src/Illuminate/Pipeline/Pipeline.php(219): Illuminate/Http/Middleware/ValidatePostSize->handle(Object(Illuminate/Http/Request), Object(Closure))
#32 C:/xampp_lite_8_5/apps/apache/htdocs/maintenance-backend/maintenance_backend/vendor/laravel/framework/src/Illuminate/Foundation/Http/Middleware/PreventRequestsDuringMaintenance.php(109): Illuminate/Pipeline/Pipeline->Illuminate/Pipeline/{closure}(Object(Illuminate/Http/Request))
#33 C:/xampp_lite_8_5/apps/apache/htdocs/maintenance-backend/maintenance_backend/vendor/laravel/framework/src/Illuminate/Pipeline/Pipeline.php(219): Illuminate/Foundation/Http/Middleware/PreventRequestsDuringMaintenance->handle(Object(Illuminate/Http/Request), Object(Closure))
#34 C:/xampp_lite_8_5/apps/apache/htdocs/maintenance-backend/maintenance_backend/vendor/laravel/framework/src/Illuminate/Http/Middleware/HandleCors.php(61): Illuminate/Pipeline/Pipeline->Illuminate/Pipeline/{closure}(Object(Illuminate/Http/Request))
#35 C:/xampp_lite_8_5/apps/apache/htdocs/maintenance-backend/maintenance_backend/vendor/laravel/framework/src/Illuminate/Pipeline/Pipeline.php(219): Illuminate/Http/Middleware/HandleCors->handle(Object(Illuminate/Http/Request), Object(Closure))
#36 C:/xampp_lite_8_5/apps/apache/htdocs/maintenance-backend/maintenance_backend/vendor/laravel/framework/src/Illuminate/Http/Middleware/TrustProxies.php(58): Illuminate/Pipeline/Pipeline->Illuminate/Pipeline/{closure}(Object(Illuminate/Http/Request))
#37 C:/xampp_lite_8_5/apps/apache/htdocs/maintenance-backend/maintenance_backend/vendor/laravel/framework/src/Illuminate/Pipeline/Pipeline.php(219): Illuminate/Http/Middleware/TrustProxies->handle(Object(Illuminate/Http/Request), Object(Closure))
#38 C:/xampp_lite_8_5/apps/apache/htdocs/maintenance-backend/maintenance_backend/vendor/laravel/framework/src/Illuminate/Foundation/Http/Middleware/InvokeDeferredCallbacks.php(22): Illuminate/Pipeline/Pipeline->Illuminate/Pipeline/{closure}(Object(Illuminate/Http/Request))
#39 C:/xampp_lite_8_5/apps/apache/htdocs/maintenance-backend/maintenance_backend/vendor/laravel/framework/src/Illuminate/Pipeline/Pipeline.php(219): Illuminate/Foundation/Http/Middleware/InvokeDeferredCallbacks->handle(Object(Illuminate/Http/Request), Object(Closure))
#40 C:/xampp_lite_8_5/apps/apache/htdocs/maintenance-backend/maintenance_backend/vendor/laravel/framework/src/Illuminate/Http/Middleware/ValidatePathEncoding.php(26): Illuminate/Pipeline/Pipeline->Illuminate/Pipeline/{closure}(Object(Illuminate/Http/Request))
#41 C:/xampp_lite_8_5/apps/apache/htdocs/maintenance-backend/maintenance_backend/vendor/laravel/framework/src/Illuminate/Pipeline/Pipeline.php(219): Illuminate/Http/Middleware/ValidatePathEncoding->handle(Object(Illuminate/Http/Request), Object(Closure))
#42 C:/xampp_lite_8_5/apps/apache/htdocs/maintenance-backend/maintenance_backend/vendor/laravel/framework/src/Illuminate/Pipeline/Pipeline.php(137): Illuminate/Pipeline/Pipeline->Illuminate/Pipeline/{closure}(Object(Illuminate/Http/Request))
#43 C:/xampp_lite_8_5/apps/apache/htdocs/maintenance-backend/maintenance_backend/vendor/laravel/framework/src/Illuminate/Foundation/Http/Kernel.php(175): Illuminate/Pipeline/Pipeline->then(Object(Closure))
#44 C:/xampp_lite_8_5/apps/apache/htdocs/maintenance-backend/maintenance_backend/vendor/laravel/framework/src/Illuminate/Foundation/Http/Kernel.php(144): Illuminate/Foundation/Http/Kernel->sendRequestThroughRouter(Object(Illuminate/Http/Request))
#45 C:/xampp_lite_8_5/apps/apache/htdocs/maintenance-backend/maintenance_backend/vendor/laravel/framework/src/Illuminate/Foundation/Application.php(1220): Illuminate/Foundation/Http/Kernel->handle(Object(Illuminate/Http/Request))
#46 C:/xampp_lite_8_5/apps/apache/htdocs/maintenance-backend/maintenance_backend/public/index.php(17): Illuminate/Foundation/Application->handleRequest(Object(Illuminate/Http/Request))
#47 C:/xampp_lite_8_5/apps/apache/htdocs/maintenance-backend/maintenance_backend/vendor/laravel/framework/src/Illuminate/Foundation/resources/server.php(23): require_once('C://xampp_lite_8...')
#48 {main}
"} 
[2026-09-28 21:22:55] local.ERROR: No application encryption key has been specified. {"exception":"[object] (Illuminate\\Encryption\\MissingAppKeyException(code: 0): No application encryption key has been specified. at C:/xampp_lite_8_5/apps/apache/htdocs/maintenance-backend/maintenance_backend/vendor/laravel/framework/src/Illuminate/Encryption/EncryptionServiceProvider.php:83)
[stacktrace]
#0 C:/xampp_lite_8_5/apps/apache/htdocs/maintenance-backend/maintenance_backend/vendor/laravel/framework/src/Illuminate/Support/helpers.php(393): Illuminate/Encryption/EncryptionServiceProvider->Illuminate/Encryption/{closure}('')
#1 C:/xampp_lite_8_5/apps/apache/htdocs/maintenance-backend/maintenance_backend/vendor/laravel/framework/src/Illuminate/Encryption/EncryptionServiceProvider.php(81): tap('', Object(Closure))
#2 C:/xampp_lite_8_5/apps/apache/htdocs/maintenance-backend/maintenance_backend/vendor/laravel/framework/src/Illuminate/Encryption/EncryptionServiceProvider.php(64): Illuminate/Encryption/EncryptionServiceProvider->key(Array)
#3 C:/xampp_lite_8_5/apps/apache/htdocs/maintenance-backend/maintenance_backend/vendor/laravel/framework/src/Illuminate/Encryption/EncryptionServiceProvider.php(32): Illuminate/Encryption/EncryptionServiceProvider->parseKey(Array)
#4 C:/xampp_lite_8_5/apps/apache/htdocs/maintenance-backend/maintenance_backend/vendor/laravel/framework/src/Illuminate/Container/Container.php(1115): Illuminate/Encryption/EncryptionServiceProvider->Illuminate/Encryption/{closure}(Object(Illuminate/Foundation/Application), Array)
#5 C:/xampp_lite_8_5/apps/apache/htdocs/maintenance-backend/maintenance_backend/vendor/laravel/framework/src/Illuminate/Container/Container.php(933): Illuminate/Container/Container->build(Object(Closure))
#6 C:/xampp_lite_8_5/apps/apache/htdocs/maintenance-backend/maintenance_backend/vendor/laravel/framework/src/Illuminate/Foundation/Application.php(1078): Illuminate/Container/Container->resolve('encrypter', Array, true)
#7 C:/xampp_lite_8_5/apps/apache/htdocs/maintenance-backend/maintenance_backend/vendor/laravel/framework/src/Illuminate/Container/Container.php(864): Illuminate/Foundation/Application->resolve('encrypter', Array)
#8 C:/xampp_lite_8_5/apps/apache/htdocs/maintenance-backend/maintenance_backend/vendor/laravel/framework/src/Illuminate/Foundation/Application.php(1058): Illuminate/Container/Container->make('encrypter', Array)
#9 C:/xampp_lite_8_5/apps/apache/htdocs/maintenance-backend/maintenance_backend/vendor/laravel/framework/src/Illuminate/Container/Container.php(1336): Illuminate/Foundation/Application->make('encrypter')
#10 C:/xampp_lite_8_5/apps/apache/htdocs/maintenance-backend/maintenance_backend/vendor/laravel/framework/src/Illuminate/Container/Container.php(1237): Illuminate/Container/Container->resolveClass(Object(ReflectionParameter), 'Illuminate//Cont...')
#11 C:/xampp_lite_8_5/apps/apache/htdocs/maintenance-backend/maintenance_backend/vendor/laravel/framework/src/Illuminate/Container/Container.php(1162): Illuminate/Container/Container->resolveDependencies(Array)
#12 C:/xampp_lite_8_5/apps/apache/htdocs/maintenance-backend/maintenance_backend/vendor/laravel/framework/src/Illuminate/Container/Container.php(933): Illuminate/Container/Container->build('Illuminate//Cook...')
#13 C:/xampp_lite_8_5/apps/apache/htdocs/maintenance-backend/maintenance_backend/vendor/laravel/framework/src/Illuminate/Foundation/Application.php(1078): Illuminate/Container/Container->resolve('Illuminate//Cook...', Array, true)
#14 C:/xampp_lite_8_5/apps/apache/htdocs/maintenance-backend/maintenance_backend/vendor/laravel/framework/src/Illuminate/Container/Container.php(864): Illuminate/Foundation/Application->resolve('Illuminate//Cook...', Array)
#15 C:/xampp_lite_8_5/apps/apache/htdocs/maintenance-backend/maintenance_backend/vendor/laravel/framework/src/Illuminate/Foundation/Application.php(1058): Illuminate/Container/Container->make('Illuminate//Cook...', Array)
#16 C:/xampp_lite_8_5/apps/apache/htdocs/maintenance-backend/maintenance_backend/vendor/laravel/framework/src/Illuminate/Foundation/Http/Kernel.php(257): Illuminate/Foundation/Application->make('Illuminate//Cook...')
#17 C:/xampp_lite_8_5/apps/apache/htdocs/maintenance-backend/maintenance_backend/vendor/laravel/framework/src/Illuminate/Foundation/Http/Kernel.php(215): Illuminate/Foundation/Http/Kernel->terminateMiddleware(Object(Illuminate/Http/Request), Object(Illuminate/Http/Response))
#18 C:/xampp_lite_8_5/apps/apache/htdocs/maintenance-backend/maintenance_backend/vendor/laravel/framework/src/Illuminate/Foundation/Application.php(1222): Illuminate/Foundation/Http/Kernel->terminate(Object(Illuminate/Http/Request), Object(Illuminate/Http/Response))
#19 C:/xampp_lite_8_5/apps/apache/htdocs/maintenance-backend/maintenance_backend/public/index.php(17): Illuminate/Foundation/Application->handleRequest(Object(Illuminate/Http/Request))
#20 C:/xampp_lite_8_5/apps/apache/htdocs/maintenance-backend/maintenance_backend/vendor/laravel/framework/src/Illuminate/Foundation/resources/server.php(23): require_once('C://xampp_lite_8...')
#21 {main}
"} 
[2026-09-28 21:52:50] local.ERROR: Method Illuminate\Validation\Validator::validateSometimes|required does not exist. {"exception":"[object] (BadMethodCallException(code: 0): Method Illuminate\\Validation\\Validator::validateSometimes|required does not exist. at C:/xampp_lite_8_5/apps/apache/htdocs/maintenance-backend/maintenance_backend/vendor/laravel/framework/src/Illuminate/Validation/Validator.php:1773)
[stacktrace]
#0 C:/xampp_lite_8_5/apps/apache/htdocs/maintenance-backend/maintenance_backend/vendor/laravel/framework/src/Illuminate/Validation/Validator.php(726): Illuminate/Validation/Validator->__call('validateSometim...', Array)
#1 C:/xampp_lite_8_5/apps/apache/htdocs/maintenance-backend/maintenance_backend/vendor/laravel/framework/src/Illuminate/Validation/Validator.php(481): Illuminate/Validation/Validator->validateAttribute('fuel_used', 'Sometimes|requi...')
#2 C:/xampp_lite_8_5/apps/apache/htdocs/maintenance-backend/maintenance_backend/vendor/laravel/framework/src/Illuminate/Validation/Validator.php(516): Illuminate/Validation/Validator->passes()
#3 C:/xampp_lite_8_5/apps/apache/htdocs/maintenance-backend/maintenance_backend/vendor/laravel/framework/src/Illuminate/Validation/Validator.php(598): Illuminate/Validation/Validator->fails()
#4 C:/xampp_lite_8_5/apps/apache/htdocs/maintenance-backend/maintenance_backend/vendor/laravel/framework/src/Illuminate/Foundation/Providers/FoundationServiceProvider.php(156): Illuminate/Validation/Validator->validate()
#5 C:/xampp_lite_8_5/apps/apache/htdocs/maintenance-backend/maintenance_backend/vendor/laravel/framework/src/Illuminate/Macroable/Traits/Macroable.php(132): Illuminate/Http/Request->Illuminate/Foundation/Providers/{closure}(Array)
#6 C:/xampp_lite_8_5/apps/apache/htdocs/maintenance-backend/maintenance_backend/app/Http/Controllers/FuelUsageRecordController.php(48): Illuminate/Http/Request->__call('validate', Array)
#7 C:/xampp_lite_8_5/apps/apache/htdocs/maintenance-backend/maintenance_backend/app/Http/Controllers/FuelUsageRecordController.php(38): App/Http/Controllers/FuelUsageRecordController->validated(Object(Illuminate/Http/Request), true)
#8 C:/xampp_lite_8_5/apps/apache/htdocs/maintenance-backend/maintenance_backend/vendor/laravel/framework/src/Illuminate/Routing/ControllerDispatcher.php(46): App/Http/Controllers/FuelUsageRecordController->update(Object(Illuminate/Http/Request), Object(App/Models/FuelUsageRecord))
#9 C:/xampp_lite_8_5/apps/apache/htdocs/maintenance-backend/maintenance_backend/vendor/laravel/framework/src/Illuminate/Routing/Route.php(265): Illuminate/Routing/ControllerDispatcher->dispatch(Object(Illuminate/Routing/Route), Object(App/Http/Controllers/FuelUsageRecordController), 'update')
#10 C:/xampp_lite_8_5/apps/apache/htdocs/maintenance-backend/maintenance_backend/vendor/laravel/framework/src/Illuminate/Routing/Route.php(211): Illuminate/Routing/Route->runController()
#11 C:/xampp_lite_8_5/apps/apache/htdocs/maintenance-backend/maintenance_backend/vendor/laravel/framework/src/Illuminate/Routing/Router.php(822): Illuminate/Routing/Route->run()
#12 C:/xampp_lite_8_5/apps/apache/htdocs/maintenance-backend/maintenance_backend/vendor/laravel/framework/src/Illuminate/Pipeline/Pipeline.php(180): Illuminate/Routing/Router->Illuminate/Routing/{closure}(Object(Illuminate/Http/Request))
#13 C:/xampp_lite_8_5/apps/apache/htdocs/maintenance-backend/maintenance_backend/vendor/laravel/framework/src/Illuminate/Routing/Middleware/SubstituteBindings.php(50): Illuminate/Pipeline/Pipeline->Illuminate/Pipeline/{closure}(Object(Illuminate/Http/Request))
#14 C:/xampp_lite_8_5/apps/apache/htdocs/maintenance-backend/maintenance_backend/vendor/laravel/framework/src/Illuminate/Pipeline/Pipeline.php(219): Illuminate/Routing/Middleware/SubstituteBindings->handle(Object(Illuminate/Http/Request), Object(Closure))
#15 C:/xampp_lite_8_5/apps/apache/htdocs/maintenance-backend/maintenance_backend/vendor/laravel/framework/src/Illuminate/Pipeline/Pipeline.php(137): Illuminate/Pipeline/Pipeline->Illuminate/Pipeline/{closure}(Object(Illuminate/Http/Request))
#16 C:/xampp_lite_8_5/apps/apache/htdocs/maintenance-backend/maintenance_backend/vendor/laravel/framework/src/Illuminate/Routing/Router.php(821): Illuminate/Pipeline/Pipeline->then(Object(Closure))
#17 C:/xampp_lite_8_5/apps/apache/htdocs/maintenance-backend/maintenance_backend/vendor/laravel/framework/src/Illuminate/Routing/Router.php(800): Illuminate/Routing/Router->runRouteWithinStack(Object(Illuminate/Routing/Route), Object(Illuminate/Http/Request))
#18 C:/xampp_lite_8_5/apps/apache/htdocs/maintenance-backend/maintenance_backend/vendor/laravel/framework/src/Illuminate/Routing/Router.php(764): Illuminate/Routing/Router->runRoute(Object(Illuminate/Http/Request), Object(Illuminate/Routing/Route))
#19 C:/xampp_lite_8_5/apps/apache/htdocs/maintenance-backend/maintenance_backend/vendor/laravel/framework/src/Illuminate/Routing/Router.php(753): Illuminate/Routing/Router->dispatchToRoute(Object(Illuminate/Http/Request))
#20 C:/xampp_lite_8_5/apps/apache/htdocs/maintenance-backend/maintenance_backend/vendor/laravel/framework/src/Illuminate/Foundation/Http/Kernel.php(200): Illuminate/Routing/Router->dispatch(Object(Illuminate/Http/Request))
#21 C:/xampp_lite_8_5/apps/apache/htdocs/maintenance-backend/maintenance_backend/vendor/laravel/framework/src/Illuminate/Pipeline/Pipeline.php(180): Illuminate/Foundation/Http/Kernel->Illuminate/Foundation/Http/{closure}(Object(Illuminate/Http/Request))
#22 C:/xampp_lite_8_5/apps/apache/htdocs/maintenance-backend/maintenance_backend/vendor/laravel/framework/src/Illuminate/Foundation/Http/Middleware/TransformsRequest.php(21): Illuminate/Pipeline/Pipeline->Illuminate/Pipeline/{closure}(Object(Illuminate/Http/Request))
#23 C:/xampp_lite_8_5/apps/apache/htdocs/maintenance-backend/maintenance_backend/vendor/laravel/framework/src/Illuminate/Foundation/Http/Middleware/ConvertEmptyStringsToNull.php(31): Illuminate/Foundation/Http/Middleware/TransformsRequest->handle(Object(Illuminate/Http/Request), Object(Closure))
#24 C:/xampp_lite_8_5/apps/apache/htdocs/maintenance-backend/maintenance_backend/vendor/laravel/framework/src/Illuminate/Pipeline/Pipeline.php(219): Illuminate/Foundation/Http/Middleware/ConvertEmptyStringsToNull->handle(Object(Illuminate/Http/Request), Object(Closure))
#25 C:/xampp_lite_8_5/apps/apache/htdocs/maintenance-backend/maintenance_backend/vendor/laravel/framework/src/Illuminate/Foundation/Http/Middleware/TransformsRequest.php(21): Illuminate/Pipeline/Pipeline->Illuminate/Pipeline/{closure}(Object(Illuminate/Http/Request))
#26 C:/xampp_lite_8_5/apps/apache/htdocs/maintenance-backend/maintenance_backend/vendor/laravel/framework/src/Illuminate/Foundation/Http/Middleware/TrimStrings.php(51): Illuminate/Foundation/Http/Middleware/TransformsRequest->handle(Object(Illuminate/Http/Request), Object(Closure))
#27 C:/xampp_lite_8_5/apps/apache/htdocs/maintenance-backend/maintenance_backend/vendor/laravel/framework/src/Illuminate/Pipeline/Pipeline.php(219): Illuminate/Foundation/Http/Middleware/TrimStrings->handle(Object(Illuminate/Http/Request), Object(Closure))
#28 C:/xampp_lite_8_5/apps/apache/htdocs/maintenance-backend/maintenance_backend/vendor/laravel/framework/src/Illuminate/Http/Middleware/ValidatePostSize.php(27): Illuminate/Pipeline/Pipeline->Illuminate/Pipeline/{closure}(Object(Illuminate/Http/Request))
#29 C:/xampp_lite_8_5/apps/apache/htdocs/maintenance-backend/maintenance_backend/vendor/laravel/framework/src/Illuminate/Pipeline/Pipeline.php(219): Illuminate/Http/Middleware/ValidatePostSize->handle(Object(Illuminate/Http/Request), Object(Closure))
#30 C:/xampp_lite_8_5/apps/apache/htdocs/maintenance-backend/maintenance_backend/vendor/laravel/framework/src/Illuminate/Foundation/Http/Middleware/PreventRequestsDuringMaintenance.php(109): Illuminate/Pipeline/Pipeline->Illuminate/Pipeline/{closure}(Object(Illuminate/Http/Request))
#31 C:/xampp_lite_8_5/apps/apache/htdocs/maintenance-backend/maintenance_backend/vendor/laravel/framework/src/Illuminate/Pipeline/Pipeline.php(219): Illuminate/Foundation/Http/Middleware/PreventRequestsDuringMaintenance->handle(Object(Illuminate/Http/Request), Object(Closure))
#32 C:/xampp_lite_8_5/apps/apache/htdocs/maintenance-backend/maintenance_backend/vendor/laravel/framework/src/Illuminate/Http/Middleware/HandleCors.php(74): Illuminate/Pipeline/Pipeline->Illuminate/Pipeline/{closure}(Object(Illuminate/Http/Request))
#33 C:/xampp_lite_8_5/apps/apache/htdocs/maintenance-backend/maintenance_backend/vendor/laravel/framework/src/Illuminate/Pipeline/Pipeline.php(219): Illuminate/Http/Middleware/HandleCors->handle(Object(Illuminate/Http/Request), Object(Closure))
#34 C:/xampp_lite_8_5/apps/apache/htdocs/maintenance-backend/maintenance_backend/vendor/laravel/framework/src/Illuminate/Http/Middleware/TrustProxies.php(58): Illuminate/Pipeline/Pipeline->Illuminate/Pipeline/{closure}(Object(Illuminate/Http/Request))
#35 C:/xampp_lite_8_5/apps/apache/htdocs/maintenance-backend/maintenance_backend/vendor/laravel/framework/src/Illuminate/Pipeline/Pipeline.php(219): Illuminate/Http/Middleware/TrustProxies->handle(Object(Illuminate/Http/Request), Object(Closure))
#36 C:/xampp_lite_8_5/apps/apache/htdocs/maintenance-backend/maintenance_backend/vendor/laravel/framework/src/Illuminate/Foundation/Http/Middleware/InvokeDeferredCallbacks.php(22): Illuminate/Pipeline/Pipeline->Illuminate/Pipeline/{closure}(Object(Illuminate/Http/Request))
#37 C:/xampp_lite_8_5/apps/apache/htdocs/maintenance-backend/maintenance_backend/vendor/laravel/framework/src/Illuminate/Pipeline/Pipeline.php(219): Illuminate/Foundation/Http/Middleware/InvokeDeferredCallbacks->handle(Object(Illuminate/Http/Request), Object(Closure))
#38 C:/xampp_lite_8_5/apps/apache/htdocs/maintenance-backend/maintenance_backend/vendor/laravel/framework/src/Illuminate/Http/Middleware/ValidatePathEncoding.php(26): Illuminate/Pipeline/Pipeline->Illuminate/Pipeline/{closure}(Object(Illuminate/Http/Request))
#39 C:/xampp_lite_8_5/apps/apache/htdocs/maintenance-backend/maintenance_backend/vendor/laravel/framework/src/Illuminate/Pipeline/Pipeline.php(219): Illuminate/Http/Middleware/ValidatePathEncoding->handle(Object(Illuminate/Http/Request), Object(Closure))
#40 C:/xampp_lite_8_5/apps/apache/htdocs/maintenance-backend/maintenance_backend/vendor/laravel/framework/src/Illuminate/Pipeline/Pipeline.php(137): Illuminate/Pipeline/Pipeline->Illuminate/Pipeline/{closure}(Object(Illuminate/Http/Request))
#41 C:/xampp_lite_8_5/apps/apache/htdocs/maintenance-backend/maintenance_backend/vendor/laravel/framework/src/Illuminate/Foundation/Http/Kernel.php(175): Illuminate/Pipeline/Pipeline->then(Object(Closure))
#42 C:/xampp_lite_8_5/apps/apache/htdocs/maintenance-backend/maintenance_backend/vendor/laravel/framework/src/Illuminate/Foundation/Http/Kernel.php(144): Illuminate/Foundation/Http/Kernel->sendRequestThroughRouter(Object(Illuminate/Http/Request))
#43 C:/xampp_lite_8_5/apps/apache/htdocs/maintenance-backend/maintenance_backend/vendor/laravel/framework/src/Illuminate/Foundation/Application.php(1220): Illuminate/Foundation/Http/Kernel->handle(Object(Illuminate/Http/Request))
#44 C:/xampp_lite_8_5/apps/apache/htdocs/maintenance-backend/maintenance_backend/public/index.php(17): Illuminate/Foundation/Application->handleRequest(Object(Illuminate/Http/Request))
#45 C:/xampp_lite_8_5/apps/apache/htdocs/maintenance-backend/maintenance_backend/vendor/laravel/framework/src/Illuminate/Foundation/resources/server.php(23): require_once('C://xampp_lite_8...')
#46 {main}
"} 
[2026-09-28 21:58:51] local.ERROR: Method Illuminate\Validation\Validator::validateSometimes|required does not exist. {"exception":"[object] (BadMethodCallException(code: 0): Method Illuminate\\Validation\\Validator::validateSometimes|required does not exist. at C:/xampp_lite_8_5/apps/apache/htdocs/maintenance-backend/maintenance_backend/vendor/laravel/framework/src/Illuminate/Validation/Validator.php:1773)
[stacktrace]
#0 C:/xampp_lite_8_5/apps/apache/htdocs/maintenance-backend/maintenance_backend/vendor/laravel/framework/src/Illuminate/Validation/Validator.php(726): Illuminate/Validation/Validator->__call('validateSometim...', Array)
#1 C:/xampp_lite_8_5/apps/apache/htdocs/maintenance-backend/maintenance_backend/vendor/laravel/framework/src/Illuminate/Validation/Validator.php(481): Illuminate/Validation/Validator->validateAttribute('fuel_used', 'Sometimes|requi...')
#2 C:/xampp_lite_8_5/apps/apache/htdocs/maintenance-backend/maintenance_backend/vendor/laravel/framework/src/Illuminate/Validation/Validator.php(516): Illuminate/Validation/Validator->passes()
#3 C:/xampp_lite_8_5/apps/apache/htdocs/maintenance-backend/maintenance_backend/vendor/laravel/framework/src/Illuminate/Validation/Validator.php(598): Illuminate/Validation/Validator->fails()
#4 C:/xampp_lite_8_5/apps/apache/htdocs/maintenance-backend/maintenance_backend/vendor/laravel/framework/src/Illuminate/Foundation/Providers/FoundationServiceProvider.php(156): Illuminate/Validation/Validator->validate()
#5 C:/xampp_lite_8_5/apps/apache/htdocs/maintenance-backend/maintenance_backend/vendor/laravel/framework/src/Illuminate/Macroable/Traits/Macroable.php(132): Illuminate/Http/Request->Illuminate/Foundation/Providers/{closure}(Array)
#6 C:/xampp_lite_8_5/apps/apache/htdocs/maintenance-backend/maintenance_backend/app/Http/Controllers/FuelUsageRecordController.php(48): Illuminate/Http/Request->__call('validate', Array)
#7 C:/xampp_lite_8_5/apps/apache/htdocs/maintenance-backend/maintenance_backend/app/Http/Controllers/FuelUsageRecordController.php(38): App/Http/Controllers/FuelUsageRecordController->validated(Object(Illuminate/Http/Request), true)
#8 C:/xampp_lite_8_5/apps/apache/htdocs/maintenance-backend/maintenance_backend/vendor/laravel/framework/src/Illuminate/Routing/ControllerDispatcher.php(46): App/Http/Controllers/FuelUsageRecordController->update(Object(Illuminate/Http/Request), Object(App/Models/FuelUsageRecord))
#9 C:/xampp_lite_8_5/apps/apache/htdocs/maintenance-backend/maintenance_backend/vendor/laravel/framework/src/Illuminate/Routing/Route.php(265): Illuminate/Routing/ControllerDispatcher->dispatch(Object(Illuminate/Routing/Route), Object(App/Http/Controllers/FuelUsageRecordController), 'update')
#10 C:/xampp_lite_8_5/apps/apache/htdocs/maintenance-backend/maintenance_backend/vendor/laravel/framework/src/Illuminate/Routing/Route.php(211): Illuminate/Routing/Route->runController()
#11 C:/xampp_lite_8_5/apps/apache/htdocs/maintenance-backend/maintenance_backend/vendor/laravel/framework/src/Illuminate/Routing/Router.php(822): Illuminate/Routing/Route->run()
#12 C:/xampp_lite_8_5/apps/apache/htdocs/maintenance-backend/maintenance_backend/vendor/laravel/framework/src/Illuminate/Pipeline/Pipeline.php(180): Illuminate/Routing/Router->Illuminate/Routing/{closure}(Object(Illuminate/Http/Request))
#13 C:/xampp_lite_8_5/apps/apache/htdocs/maintenance-backend/maintenance_backend/vendor/laravel/framework/src/Illuminate/Routing/Middleware/SubstituteBindings.php(50): Illuminate/Pipeline/Pipeline->Illuminate/Pipeline/{closure}(Object(Illuminate/Http/Request))
#14 C:/xampp_lite_8_5/apps/apache/htdocs/maintenance-backend/maintenance_backend/vendor/laravel/framework/src/Illuminate/Pipeline/Pipeline.php(219): Illuminate/Routing/Middleware/SubstituteBindings->handle(Object(Illuminate/Http/Request), Object(Closure))
#15 C:/xampp_lite_8_5/apps/apache/htdocs/maintenance-backend/maintenance_backend/vendor/laravel/framework/src/Illuminate/Pipeline/Pipeline.php(137): Illuminate/Pipeline/Pipeline->Illuminate/Pipeline/{closure}(Object(Illuminate/Http/Request))
#16 C:/xampp_lite_8_5/apps/apache/htdocs/maintenance-backend/maintenance_backend/vendor/laravel/framework/src/Illuminate/Routing/Router.php(821): Illuminate/Pipeline/Pipeline->then(Object(Closure))
#17 C:/xampp_lite_8_5/apps/apache/htdocs/maintenance-backend/maintenance_backend/vendor/laravel/framework/src/Illuminate/Routing/Router.php(800): Illuminate/Routing/Router->runRouteWithinStack(Object(Illuminate/Routing/Route), Object(Illuminate/Http/Request))
#18 C:/xampp_lite_8_5/apps/apache/htdocs/maintenance-backend/maintenance_backend/vendor/laravel/framework/src/Illuminate/Routing/Router.php(764): Illuminate/Routing/Router->runRoute(Object(Illuminate/Http/Request), Object(Illuminate/Routing/Route))
#19 C:/xampp_lite_8_5/apps/apache/htdocs/maintenance-backend/maintenance_backend/vendor/laravel/framework/src/Illuminate/Routing/Router.php(753): Illuminate/Routing/Router->dispatchToRoute(Object(Illuminate/Http/Request))
#20 C:/xampp_lite_8_5/apps/apache/htdocs/maintenance-backend/maintenance_backend/vendor/laravel/framework/src/Illuminate/Foundation/Http/Kernel.php(200): Illuminate/Routing/Router->dispatch(Object(Illuminate/Http/Request))
#21 C:/xampp_lite_8_5/apps/apache/htdocs/maintenance-backend/maintenance_backend/vendor/laravel/framework/src/Illuminate/Pipeline/Pipeline.php(180): Illuminate/Foundation/Http/Kernel->Illuminate/Foundation/Http/{closure}(Object(Illuminate/Http/Request))
#22 C:/xampp_lite_8_5/apps/apache/htdocs/maintenance-backend/maintenance_backend/vendor/laravel/framework/src/Illuminate/Foundation/Http/Middleware/TransformsRequest.php(21): Illuminate/Pipeline/Pipeline->Illuminate/Pipeline/{closure}(Object(Illuminate/Http/Request))
#23 C:/xampp_lite_8_5/apps/apache/htdocs/maintenance-backend/maintenance_backend/vendor/laravel/framework/src/Illuminate/Foundation/Http/Middleware/ConvertEmptyStringsToNull.php(31): Illuminate/Foundation/Http/Middleware/TransformsRequest->handle(Object(Illuminate/Http/Request), Object(Closure))
#24 C:/xampp_lite_8_5/apps/apache/htdocs/maintenance-backend/maintenance_backend/vendor/laravel/framework/src/Illuminate/Pipeline/Pipeline.php(219): Illuminate/Foundation/Http/Middleware/ConvertEmptyStringsToNull->handle(Object(Illuminate/Http/Request), Object(Closure))
#25 C:/xampp_lite_8_5/apps/apache/htdocs/maintenance-backend/maintenance_backend/vendor/laravel/framework/src/Illuminate/Foundation/Http/Middleware/TransformsRequest.php(21): Illuminate/Pipeline/Pipeline->Illuminate/Pipeline/{closure}(Object(Illuminate/Http/Request))
#26 C:/xampp_lite_8_5/apps/apache/htdocs/maintenance-backend/maintenance_backend/vendor/laravel/framework/src/Illuminate/Foundation/Http/Middleware/TrimStrings.php(51): Illuminate/Foundation/Http/Middleware/TransformsRequest->handle(Object(Illuminate/Http/Request), Object(Closure))
#27 C:/xampp_lite_8_5/apps/apache/htdocs/maintenance-backend/maintenance_backend/vendor/laravel/framework/src/Illuminate/Pipeline/Pipeline.php(219): Illuminate/Foundation/Http/Middleware/TrimStrings->handle(Object(Illuminate/Http/Request), Object(Closure))
#28 C:/xampp_lite_8_5/apps/apache/htdocs/maintenance-backend/maintenance_backend/vendor/laravel/framework/src/Illuminate/Http/Middleware/ValidatePostSize.php(27): Illuminate/Pipeline/Pipeline->Illuminate/Pipeline/{closure}(Object(Illuminate/Http/Request))
#29 C:/xampp_lite_8_5/apps/apache/htdocs/maintenance-backend/maintenance_backend/vendor/laravel/framework/src/Illuminate/Pipeline/Pipeline.php(219): Illuminate/Http/Middleware/ValidatePostSize->handle(Object(Illuminate/Http/Request), Object(Closure))
#30 C:/xampp_lite_8_5/apps/apache/htdocs/maintenance-backend/maintenance_backend/vendor/laravel/framework/src/Illuminate/Foundation/Http/Middleware/PreventRequestsDuringMaintenance.php(109): Illuminate/Pipeline/Pipeline->Illuminate/Pipeline/{closure}(Object(Illuminate/Http/Request))
#31 C:/xampp_lite_8_5/apps/apache/htdocs/maintenance-backend/maintenance_backend/vendor/laravel/framework/src/Illuminate/Pipeline/Pipeline.php(219): Illuminate/Foundation/Http/Middleware/PreventRequestsDuringMaintenance->handle(Object(Illuminate/Http/Request), Object(Closure))
#32 C:/xampp_lite_8_5/apps/apache/htdocs/maintenance-backend/maintenance_backend/vendor/laravel/framework/src/Illuminate/Http/Middleware/HandleCors.php(74): Illuminate/Pipeline/Pipeline->Illuminate/Pipeline/{closure}(Object(Illuminate/Http/Request))
#33 C:/xampp_lite_8_5/apps/apache/htdocs/maintenance-backend/maintenance_backend/vendor/laravel/framework/src/Illuminate/Pipeline/Pipeline.php(219): Illuminate/Http/Middleware/HandleCors->handle(Object(Illuminate/Http/Request), Object(Closure))
#34 C:/xampp_lite_8_5/apps/apache/htdocs/maintenance-backend/maintenance_backend/vendor/laravel/framework/src/Illuminate/Http/Middleware/TrustProxies.php(58): Illuminate/Pipeline/Pipeline->Illuminate/Pipeline/{closure}(Object(Illuminate/Http/Request))
#35 C:/xampp_lite_8_5/apps/apache/htdocs/maintenance-backend/maintenance_backend/vendor/laravel/framework/src/Illuminate/Pipeline/Pipeline.php(219): Illuminate/Http/Middleware/TrustProxies->handle(Object(Illuminate/Http/Request), Object(Closure))
#36 C:/xampp_lite_8_5/apps/apache/htdocs/maintenance-backend/maintenance_backend/vendor/laravel/framework/src/Illuminate/Foundation/Http/Middleware/InvokeDeferredCallbacks.php(22): Illuminate/Pipeline/Pipeline->Illuminate/Pipeline/{closure}(Object(Illuminate/Http/Request))
#37 C:/xampp_lite_8_5/apps/apache/htdocs/maintenance-backend/maintenance_backend/vendor/laravel/framework/src/Illuminate/Pipeline/Pipeline.php(219): Illuminate/Foundation/Http/Middleware/InvokeDeferredCallbacks->handle(Object(Illuminate/Http/Request), Object(Closure))
#38 C:/xampp_lite_8_5/apps/apache/htdocs/maintenance-backend/maintenance_backend/vendor/laravel/framework/src/Illuminate/Http/Middleware/ValidatePathEncoding.php(26): Illuminate/Pipeline/Pipeline->Illuminate/Pipeline/{closure}(Object(Illuminate/Http/Request))
#39 C:/xampp_lite_8_5/apps/apache/htdocs/maintenance-backend/maintenance_backend/vendor/laravel/framework/src/Illuminate/Pipeline/Pipeline.php(219): Illuminate/Http/Middleware/ValidatePathEncoding->handle(Object(Illuminate/Http/Request), Object(Closure))
#40 C:/xampp_lite_8_5/apps/apache/htdocs/maintenance-backend/maintenance_backend/vendor/laravel/framework/src/Illuminate/Pipeline/Pipeline.php(137): Illuminate/Pipeline/Pipeline->Illuminate/Pipeline/{closure}(Object(Illuminate/Http/Request))
#41 C:/xampp_lite_8_5/apps/apache/htdocs/maintenance-backend/maintenance_backend/vendor/laravel/framework/src/Illuminate/Foundation/Http/Kernel.php(175): Illuminate/Pipeline/Pipeline->then(Object(Closure))
#42 C:/xampp_lite_8_5/apps/apache/htdocs/maintenance-backend/maintenance_backend/vendor/laravel/framework/src/Illuminate/Foundation/Http/Kernel.php(144): Illuminate/Foundation/Http/Kernel->sendRequestThroughRouter(Object(Illuminate/Http/Request))
#43 C:/xampp_lite_8_5/apps/apache/htdocs/maintenance-backend/maintenance_backend/vendor/laravel/framework/src/Illuminate/Foundation/Application.php(1220): Illuminate/Foundation/Http/Kernel->handle(Object(Illuminate/Http/Request))
#44 C:/xampp_lite_8_5/apps/apache/htdocs/maintenance-backend/maintenance_backend/public/index.php(17): Illuminate/Foundation/Application->handleRequest(Object(Illuminate/Http/Request))
#45 C:/xampp_lite_8_5/apps/apache/htdocs/maintenance-backend/maintenance_backend/vendor/laravel/framework/src/Illuminate/Foundation/resources/server.php(23): require_once('C://xampp_lite_8...')
#46 {main}
"} 
[2026-09-29 01:20:41] local.ERROR: No application encryption key has been specified. {"exception":"[object] (Illuminate\\Encryption\\MissingAppKeyException(code: 0): No application encryption key has been specified. at C:/xampp_lite_8_5/apps/apache/htdocs/maintenance-backend/maintenance_backend/vendor/laravel/framework/src/Illuminate/Encryption/EncryptionServiceProvider.php:83)
[stacktrace]
#0 C:/xampp_lite_8_5/apps/apache/htdocs/maintenance-backend/maintenance_backend/vendor/laravel/framework/src/Illuminate/Support/helpers.php(393): Illuminate/Encryption/EncryptionServiceProvider->Illuminate/Encryption/{closure}('')
#1 C:/xampp_lite_8_5/apps/apache/htdocs/maintenance-backend/maintenance_backend/vendor/laravel/framework/src/Illuminate/Encryption/EncryptionServiceProvider.php(81): tap('', Object(Closure))
#2 C:/xampp_lite_8_5/apps/apache/htdocs/maintenance-backend/maintenance_backend/vendor/laravel/framework/src/Illuminate/Encryption/EncryptionServiceProvider.php(64): Illuminate/Encryption/EncryptionServiceProvider->key(Array)
#3 C:/xampp_lite_8_5/apps/apache/htdocs/maintenance-backend/maintenance_backend/vendor/laravel/framework/src/Illuminate/Encryption/EncryptionServiceProvider.php(32): Illuminate/Encryption/EncryptionServiceProvider->parseKey(Array)
#4 C:/xampp_lite_8_5/apps/apache/htdocs/maintenance-backend/maintenance_backend/vendor/laravel/framework/src/Illuminate/Container/Container.php(1115): Illuminate/Encryption/EncryptionServiceProvider->Illuminate/Encryption/{closure}(Object(Illuminate/Foundation/Application), Array)
#5 C:/xampp_lite_8_5/apps/apache/htdocs/maintenance-backend/maintenance_backend/vendor/laravel/framework/src/Illuminate/Container/Container.php(933): Illuminate/Container/Container->build(Object(Closure))
#6 C:/xampp_lite_8_5/apps/apache/htdocs/maintenance-backend/maintenance_backend/vendor/laravel/framework/src/Illuminate/Foundation/Application.php(1078): Illuminate/Container/Container->resolve('encrypter', Array, true)
#7 C:/xampp_lite_8_5/apps/apache/htdocs/maintenance-backend/maintenance_backend/vendor/laravel/framework/src/Illuminate/Container/Container.php(864): Illuminate/Foundation/Application->resolve('encrypter', Array)
#8 C:/xampp_lite_8_5/apps/apache/htdocs/maintenance-backend/maintenance_backend/vendor/laravel/framework/src/Illuminate/Foundation/Application.php(1058): Illuminate/Container/Container->make('encrypter', Array)
#9 C:/xampp_lite_8_5/apps/apache/htdocs/maintenance-backend/maintenance_backend/vendor/laravel/framework/src/Illuminate/Container/Container.php(1336): Illuminate/Foundation/Application->make('encrypter')
#10 C:/xampp_lite_8_5/apps/apache/htdocs/maintenance-backend/maintenance_backend/vendor/laravel/framework/src/Illuminate/Container/Container.php(1237): Illuminate/Container/Container->resolveClass(Object(ReflectionParameter), 'Illuminate//Cont...')
#11 C:/xampp_lite_8_5/apps/apache/htdocs/maintenance-backend/maintenance_backend/vendor/laravel/framework/src/Illuminate/Container/Container.php(1162): Illuminate/Container/Container->resolveDependencies(Array)
#12 C:/xampp_lite_8_5/apps/apache/htdocs/maintenance-backend/maintenance_backend/vendor/laravel/framework/src/Illuminate/Container/Container.php(933): Illuminate/Container/Container->build('Illuminate//Cook...')
#13 C:/xampp_lite_8_5/apps/apache/htdocs/maintenance-backend/maintenance_backend/vendor/laravel/framework/src/Illuminate/Foundation/Application.php(1078): Illuminate/Container/Container->resolve('Illuminate//Cook...', Array, true)
#14 C:/xampp_lite_8_5/apps/apache/htdocs/maintenance-backend/maintenance_backend/vendor/laravel/framework/src/Illuminate/Container/Container.php(864): Illuminate/Foundation/Application->resolve('Illuminate//Cook...', Array)
#15 C:/xampp_lite_8_5/apps/apache/htdocs/maintenance-backend/maintenance_backend/vendor/laravel/framework/src/Illuminate/Foundation/Application.php(1058): Illuminate/Container/Container->make('Illuminate//Cook...', Array)
#16 C:/xampp_lite_8_5/apps/apache/htdocs/maintenance-backend/maintenance_backend/vendor/laravel/framework/src/Illuminate/Pipeline/Pipeline.php(208): Illuminate/Foundation/Application->make('Illuminate//Cook...')
#17 C:/xampp_lite_8_5/apps/apache/htdocs/maintenance-backend/maintenance_backend/vendor/laravel/framework/src/Illuminate/Pipeline/Pipeline.php(137): Illuminate/Pipeline/Pipeline->Illuminate/Pipeline/{closure}(Object(Illuminate/Http/Request))
#18 C:/xampp_lite_8_5/apps/apache/htdocs/maintenance-backend/maintenance_backend/vendor/laravel/framework/src/Illuminate/Routing/Router.php(821): Illuminate/Pipeline/Pipeline->then(Object(Closure))
#19 C:/xampp_lite_8_5/apps/apache/htdocs/maintenance-backend/maintenance_backend/vendor/laravel/framework/src/Illuminate/Routing/Router.php(800): Illuminate/Routing/Router->runRouteWithinStack(Object(Illuminate/Routing/Route), Object(Illuminate/Http/Request))
#20 C:/xampp_lite_8_5/apps/apache/htdocs/maintenance-backend/maintenance_backend/vendor/laravel/framework/src/Illuminate/Routing/Router.php(764): Illuminate/Routing/Router->runRoute(Object(Illuminate/Http/Request), Object(Illuminate/Routing/Route))
#21 C:/xampp_lite_8_5/apps/apache/htdocs/maintenance-backend/maintenance_backend/vendor/laravel/framework/src/Illuminate/Routing/Router.php(753): Illuminate/Routing/Router->dispatchToRoute(Object(Illuminate/Http/Request))
#22 C:/xampp_lite_8_5/apps/apache/htdocs/maintenance-backend/maintenance_backend/vendor/laravel/framework/src/Illuminate/Foundation/Http/Kernel.php(200): Illuminate/Routing/Router->dispatch(Object(Illuminate/Http/Request))
#23 C:/xampp_lite_8_5/apps/apache/htdocs/maintenance-backend/maintenance_backend/vendor/laravel/framework/src/Illuminate/Pipeline/Pipeline.php(180): Illuminate/Foundation/Http/Kernel->Illuminate/Foundation/Http/{closure}(Object(Illuminate/Http/Request))
#24 C:/xampp_lite_8_5/apps/apache/htdocs/maintenance-backend/maintenance_backend/vendor/laravel/framework/src/Illuminate/Foundation/Http/Middleware/TransformsRequest.php(21): Illuminate/Pipeline/Pipeline->Illuminate/Pipeline/{closure}(Object(Illuminate/Http/Request))
#25 C:/xampp_lite_8_5/apps/apache/htdocs/maintenance-backend/maintenance_backend/vendor/laravel/framework/src/Illuminate/Foundation/Http/Middleware/ConvertEmptyStringsToNull.php(31): Illuminate/Foundation/Http/Middleware/TransformsRequest->handle(Object(Illuminate/Http/Request), Object(Closure))
#26 C:/xampp_lite_8_5/apps/apache/htdocs/maintenance-backend/maintenance_backend/vendor/laravel/framework/src/Illuminate/Pipeline/Pipeline.php(219): Illuminate/Foundation/Http/Middleware/ConvertEmptyStringsToNull->handle(Object(Illuminate/Http/Request), Object(Closure))
#27 C:/xampp_lite_8_5/apps/apache/htdocs/maintenance-backend/maintenance_backend/vendor/laravel/framework/src/Illuminate/Foundation/Http/Middleware/TransformsRequest.php(21): Illuminate/Pipeline/Pipeline->Illuminate/Pipeline/{closure}(Object(Illuminate/Http/Request))
#28 C:/xampp_lite_8_5/apps/apache/htdocs/maintenance-backend/maintenance_backend/vendor/laravel/framework/src/Illuminate/Foundation/Http/Middleware/TrimStrings.php(51): Illuminate/Foundation/Http/Middleware/TransformsRequest->handle(Object(Illuminate/Http/Request), Object(Closure))
#29 C:/xampp_lite_8_5/apps/apache/htdocs/maintenance-backend/maintenance_backend/vendor/laravel/framework/src/Illuminate/Pipeline/Pipeline.php(219): Illuminate/Foundation/Http/Middleware/TrimStrings->handle(Object(Illuminate/Http/Request), Object(Closure))
#30 C:/xampp_lite_8_5/apps/apache/htdocs/maintenance-backend/maintenance_backend/vendor/laravel/framework/src/Illuminate/Http/Middleware/ValidatePostSize.php(27): Illuminate/Pipeline/Pipeline->Illuminate/Pipeline/{closure}(Object(Illuminate/Http/Request))
#31 C:/xampp_lite_8_5/apps/apache/htdocs/maintenance-backend/maintenance_backend/vendor/laravel/framework/src/Illuminate/Pipeline/Pipeline.php(219): Illuminate/Http/Middleware/ValidatePostSize->handle(Object(Illuminate/Http/Request), Object(Closure))
#32 C:/xampp_lite_8_5/apps/apache/htdocs/maintenance-backend/maintenance_backend/vendor/laravel/framework/src/Illuminate/Foundation/Http/Middleware/PreventRequestsDuringMaintenance.php(109): Illuminate/Pipeline/Pipeline->Illuminate/Pipeline/{closure}(Object(Illuminate/Http/Request))
#33 C:/xampp_lite_8_5/apps/apache/htdocs/maintenance-backend/maintenance_backend/vendor/laravel/framework/src/Illuminate/Pipeline/Pipeline.php(219): Illuminate/Foundation/Http/Middleware/PreventRequestsDuringMaintenance->handle(Object(Illuminate/Http/Request), Object(Closure))
#34 C:/xampp_lite_8_5/apps/apache/htdocs/maintenance-backend/maintenance_backend/vendor/laravel/framework/src/Illuminate/Http/Middleware/HandleCors.php(61): Illuminate/Pipeline/Pipeline->Illuminate/Pipeline/{closure}(Object(Illuminate/Http/Request))
#35 C:/xampp_lite_8_5/apps/apache/htdocs/maintenance-backend/maintenance_backend/vendor/laravel/framework/src/Illuminate/Pipeline/Pipeline.php(219): Illuminate/Http/Middleware/HandleCors->handle(Object(Illuminate/Http/Request), Object(Closure))
#36 C:/xampp_lite_8_5/apps/apache/htdocs/maintenance-backend/maintenance_backend/vendor/laravel/framework/src/Illuminate/Http/Middleware/TrustProxies.php(58): Illuminate/Pipeline/Pipeline->Illuminate/Pipeline/{closure}(Object(Illuminate/Http/Request))
#37 C:/xampp_lite_8_5/apps/apache/htdocs/maintenance-backend/maintenance_backend/vendor/laravel/framework/src/Illuminate/Pipeline/Pipeline.php(219): Illuminate/Http/Middleware/TrustProxies->handle(Object(Illuminate/Http/Request), Object(Closure))
#38 C:/xampp_lite_8_5/apps/apache/htdocs/maintenance-backend/maintenance_backend/vendor/laravel/framework/src/Illuminate/Foundation/Http/Middleware/InvokeDeferredCallbacks.php(22): Illuminate/Pipeline/Pipeline->Illuminate/Pipeline/{closure}(Object(Illuminate/Http/Request))
#39 C:/xampp_lite_8_5/apps/apache/htdocs/maintenance-backend/maintenance_backend/vendor/laravel/framework/src/Illuminate/Pipeline/Pipeline.php(219): Illuminate/Foundation/Http/Middleware/InvokeDeferredCallbacks->handle(Object(Illuminate/Http/Request), Object(Closure))
#40 C:/xampp_lite_8_5/apps/apache/htdocs/maintenance-backend/maintenance_backend/vendor/laravel/framework/src/Illuminate/Http/Middleware/ValidatePathEncoding.php(26): Illuminate/Pipeline/Pipeline->Illuminate/Pipeline/{closure}(Object(Illuminate/Http/Request))
#41 C:/xampp_lite_8_5/apps/apache/htdocs/maintenance-backend/maintenance_backend/vendor/laravel/framework/src/Illuminate/Pipeline/Pipeline.php(219): Illuminate/Http/Middleware/ValidatePathEncoding->handle(Object(Illuminate/Http/Request), Object(Closure))
#42 C:/xampp_lite_8_5/apps/apache/htdocs/maintenance-backend/maintenance_backend/vendor/laravel/framework/src/Illuminate/Pipeline/Pipeline.php(137): Illuminate/Pipeline/Pipeline->Illuminate/Pipeline/{closure}(Object(Illuminate/Http/Request))
#43 C:/xampp_lite_8_5/apps/apache/htdocs/maintenance-backend/maintenance_backend/vendor/laravel/framework/src/Illuminate/Foundation/Http/Kernel.php(175): Illuminate/Pipeline/Pipeline->then(Object(Closure))
#44 C:/xampp_lite_8_5/apps/apache/htdocs/maintenance-backend/maintenance_backend/vendor/laravel/framework/src/Illuminate/Foundation/Http/Kernel.php(144): Illuminate/Foundation/Http/Kernel->sendRequestThroughRouter(Object(Illuminate/Http/Request))
#45 C:/xampp_lite_8_5/apps/apache/htdocs/maintenance-backend/maintenance_backend/vendor/laravel/framework/src/Illuminate/Foundation/Application.php(1220): Illuminate/Foundation/Http/Kernel->handle(Object(Illuminate/Http/Request))
#46 C:/xampp_lite_8_5/apps/apache/htdocs/maintenance-backend/maintenance_backend/public/index.php(17): Illuminate/Foundation/Application->handleRequest(Object(Illuminate/Http/Request))
#47 C:/xampp_lite_8_5/apps/apache/htdocs/maintenance-backend/maintenance_backend/vendor/laravel/framework/src/Illuminate/Foundation/resources/server.php(23): require_once('C://xampp_lite_8...')
#48 {main}
"} 
[2026-09-29 01:20:42] local.ERROR: No application encryption key has been specified. {"exception":"[object] (Illuminate\\Encryption\\MissingAppKeyException(code: 0): No application encryption key has been specified. at C:/xampp_lite_8_5/apps/apache/htdocs/maintenance-backend/maintenance_backend/vendor/laravel/framework/src/Illuminate/Encryption/EncryptionServiceProvider.php:83)
[stacktrace]
#0 C:/xampp_lite_8_5/apps/apache/htdocs/maintenance-backend/maintenance_backend/vendor/laravel/framework/src/Illuminate/Support/helpers.php(393): Illuminate/Encryption/EncryptionServiceProvider->Illuminate/Encryption/{closure}('')
#1 C:/xampp_lite_8_5/apps/apache/htdocs/maintenance-backend/maintenance_backend/vendor/laravel/framework/src/Illuminate/Encryption/EncryptionServiceProvider.php(81): tap('', Object(Closure))
#2 C:/xampp_lite_8_5/apps/apache/htdocs/maintenance-backend/maintenance_backend/vendor/laravel/framework/src/Illuminate/Encryption/EncryptionServiceProvider.php(64): Illuminate/Encryption/EncryptionServiceProvider->key(Array)
#3 C:/xampp_lite_8_5/apps/apache/htdocs/maintenance-backend/maintenance_backend/vendor/laravel/framework/src/Illuminate/Encryption/EncryptionServiceProvider.php(32): Illuminate/Encryption/EncryptionServiceProvider->parseKey(Array)
#4 C:/xampp_lite_8_5/apps/apache/htdocs/maintenance-backend/maintenance_backend/vendor/laravel/framework/src/Illuminate/Container/Container.php(1115): Illuminate/Encryption/EncryptionServiceProvider->Illuminate/Encryption/{closure}(Object(Illuminate/Foundation/Application), Array)
#5 C:/xampp_lite_8_5/apps/apache/htdocs/maintenance-backend/maintenance_backend/vendor/laravel/framework/src/Illuminate/Container/Container.php(933): Illuminate/Container/Container->build(Object(Closure))
#6 C:/xampp_lite_8_5/apps/apache/htdocs/maintenance-backend/maintenance_backend/vendor/laravel/framework/src/Illuminate/Foundation/Application.php(1078): Illuminate/Container/Container->resolve('encrypter', Array, true)
#7 C:/xampp_lite_8_5/apps/apache/htdocs/maintenance-backend/maintenance_backend/vendor/laravel/framework/src/Illuminate/Container/Container.php(864): Illuminate/Foundation/Application->resolve('encrypter', Array)
#8 C:/xampp_lite_8_5/apps/apache/htdocs/maintenance-backend/maintenance_backend/vendor/laravel/framework/src/Illuminate/Foundation/Application.php(1058): Illuminate/Container/Container->make('encrypter', Array)
#9 C:/xampp_lite_8_5/apps/apache/htdocs/maintenance-backend/maintenance_backend/vendor/laravel/framework/src/Illuminate/Container/Container.php(1336): Illuminate/Foundation/Application->make('encrypter')
#10 C:/xampp_lite_8_5/apps/apache/htdocs/maintenance-backend/maintenance_backend/vendor/laravel/framework/src/Illuminate/Container/Container.php(1237): Illuminate/Container/Container->resolveClass(Object(ReflectionParameter), 'Illuminate//Cont...')
#11 C:/xampp_lite_8_5/apps/apache/htdocs/maintenance-backend/maintenance_backend/vendor/laravel/framework/src/Illuminate/Container/Container.php(1162): Illuminate/Container/Container->resolveDependencies(Array)
#12 C:/xampp_lite_8_5/apps/apache/htdocs/maintenance-backend/maintenance_backend/vendor/laravel/framework/src/Illuminate/Container/Container.php(933): Illuminate/Container/Container->build('Illuminate//Cook...')
#13 C:/xampp_lite_8_5/apps/apache/htdocs/maintenance-backend/maintenance_backend/vendor/laravel/framework/src/Illuminate/Foundation/Application.php(1078): Illuminate/Container/Container->resolve('Illuminate//Cook...', Array, true)
#14 C:/xampp_lite_8_5/apps/apache/htdocs/maintenance-backend/maintenance_backend/vendor/laravel/framework/src/Illuminate/Container/Container.php(864): Illuminate/Foundation/Application->resolve('Illuminate//Cook...', Array)
#15 C:/xampp_lite_8_5/apps/apache/htdocs/maintenance-backend/maintenance_backend/vendor/laravel/framework/src/Illuminate/Foundation/Application.php(1058): Illuminate/Container/Container->make('Illuminate//Cook...', Array)
#16 C:/xampp_lite_8_5/apps/apache/htdocs/maintenance-backend/maintenance_backend/vendor/laravel/framework/src/Illuminate/Foundation/Http/Kernel.php(257): Illuminate/Foundation/Application->make('Illuminate//Cook...')
#17 C:/xampp_lite_8_5/apps/apache/htdocs/maintenance-backend/maintenance_backend/vendor/laravel/framework/src/Illuminate/Foundation/Http/Kernel.php(215): Illuminate/Foundation/Http/Kernel->terminateMiddleware(Object(Illuminate/Http/Request), Object(Illuminate/Http/Response))
#18 C:/xampp_lite_8_5/apps/apache/htdocs/maintenance-backend/maintenance_backend/vendor/laravel/framework/src/Illuminate/Foundation/Application.php(1222): Illuminate/Foundation/Http/Kernel->terminate(Object(Illuminate/Http/Request), Object(Illuminate/Http/Response))
#19 C:/xampp_lite_8_5/apps/apache/htdocs/maintenance-backend/maintenance_backend/public/index.php(17): Illuminate/Foundation/Application->handleRequest(Object(Illuminate/Http/Request))
#20 C:/xampp_lite_8_5/apps/apache/htdocs/maintenance-backend/maintenance_backend/vendor/laravel/framework/src/Illuminate/Foundation/resources/server.php(23): require_once('C://xampp_lite_8...')
#21 {main}
"} 
